Gene	Mycoplasma_meleagridis_210	Mycoplasma_meleagridis_24B8	Mycoplasma_meleagridis_25A3	Mycoplasma_meleagridis_25A4	Mycoplasma_meleagridis_26	Mycoplasma_meleagridis_26B8	Mycoplasma_meleagridis_26B9	Mycoplasma_meleagridis_ATCCC	Mycoplasma_meleagridis_B870
hsdS_6	0	1	0	0	1	1	1	1	1
obg	0	1	0	0	1	1	1	1	1
obgE	0	1	0	0	1	1	1	1	1
MCYN0788	0	1	0	0	1	1	1	1	1
rsuA	0	1	0	0	1	1	1	1	1
group_1378	0	1	0	0	1	1	1	1	1
group_1379	0	1	0	0	1	1	1	1	1
pncB	0	1	0	0	1	1	1	1	1
group_1381	0	1	0	0	1	1	1	1	1
group_1382	0	1	0	0	1	1	1	1	1
group_1383	0	1	0	0	1	1	1	1	1
group_1384	0	1	0	0	1	1	1	1	1
group_1385	0	1	0	0	1	1	1	1	1
group_1387	0	1	0	0	1	1	1	1	1
group_1388	0	1	0	0	1	1	1	1	1
shuV	0	1	0	0	1	1	1	1	1
uvrA_1	0	1	0	0	1	1	1	1	1
uvrA_2	0	1	0	0	1	1	1	1	1
uvrB_1	0	1	0	0	1	1	1	1	1
uvrB_2	0	1	0	0	1	1	1	1	1
group_1394	0	1	0	0	1	1	1	1	1
macB_3	0	1	0	0	1	1	1	1	1
bcrA_4	0	1	0	0	1	1	1	1	1
group_1397	0	1	0	0	1	1	1	1	1
phnD	0	1	0	0	1	1	1	1	1
group_1399	0	1	0	0	1	1	1	1	1
ruvA2	0	1	0	0	1	1	1	1	1
ruvA	0	1	0	0	1	1	1	1	1
MCYN0036	0	1	0	0	1	1	1	1	1
eno	0	1	0	0	1	1	1	1	1
group_1404	0	1	0	0	1	1	1	1	1
group_1405	0	1	0	0	1	1	1	1	1
thrS_1	0	1	0	0	1	1	1	1	1
thrS_2	0	1	0	0	1	1	1	1	1
thrS_3	0	1	0	0	1	1	1	1	1
trpS	0	1	0	0	1	1	1	1	1
MCYN0582	0	1	0	0	1	1	1	1	1
group_1411	0	1	0	0	1	1	1	1	1
group_1412	0	1	0	0	1	1	1	1	1
group_1413	0	1	0	0	1	1	1	1	1
group_1414	0	1	0	0	1	1	1	1	1
group_1415	0	1	0	0	1	1	1	1	1
group_1416	0	1	0	0	1	1	1	1	1
group_1417	0	1	0	0	1	1	1	1	1
group_1418	0	1	0	0	1	1	1	1	1
group_1419	0	1	0	0	1	1	1	1	1
pepO_1	0	1	0	0	1	1	1	1	1
pepO_2	0	1	0	0	1	1	1	1	1
pepO_3	0	1	0	0	1	1	1	1	1
pepO_4	0	1	0	0	1	1	1	1	1
pepO_5	0	1	0	0	1	1	1	1	1
lpg2936	0	1	0	0	1	1	1	1	1
group_1426	0	1	0	0	1	1	1	1	1
ftsZ_1	0	1	0	0	1	1	1	1	1
ftsZ_2	0	1	0	0	1	1	1	1	1
group_1429	0	1	0	0	1	1	1	1	1
mraW	0	1	0	0	1	1	1	1	1
marZ	0	1	0	0	1	1	1	1	1
ktrA	0	1	0	0	1	1	1	1	1
group_1433	0	1	0	0	1	1	1	1	1
ktrB_1	0	1	0	0	1	1	1	1	1
group_1435	0	1	0	0	1	1	1	1	1
group_1436	0	1	0	0	1	1	1	1	1
group_1437	0	1	0	0	1	1	1	1	1
group_1438	0	1	0	0	1	1	1	1	1
group_1439	0	1	0	0	1	1	1	1	1
MCYN0766	0	1	0	0	1	1	1	1	1
tetB(P)_4	0	1	0	0	1	1	1	1	1
group_1442	0	1	0	0	1	1	1	1	1
group_1443	0	1	0	0	1	1	1	1	1
group_1444	0	1	0	0	1	1	1	1	1
group_1445	0	1	0	0	1	1	1	1	1
group_1446	0	1	0	0	1	1	1	1	1
adsA	0	1	0	0	1	1	1	1	1
group_1448	0	1	0	0	1	1	1	1	1
acpD	0	1	0	0	1	1	1	1	1
group_1450	0	1	0	0	1	1	1	1	1
group_1451	0	1	0	0	1	1	1	1	1
group_1452	0	1	0	0	1	1	1	1	1
group_1453	0	1	0	0	1	1	1	1	1
group_1454	0	1	0	0	1	1	1	1	1
group_1455	0	1	0	0	1	1	1	1	1
group_1456	0	1	0	0	1	1	1	1	1
group_1457	0	1	0	0	1	1	1	1	1
group_1458	0	1	0	0	1	1	1	1	1
group_1459	0	1	0	0	1	1	1	1	1
group_1460	0	1	0	0	1	1	1	1	1
group_1461	0	1	0	0	1	1	1	1	1
group_1462	0	1	0	0	1	1	1	1	1
group_1463	0	1	0	0	1	1	1	1	1
pgk_1	0	1	0	0	1	1	1	1	1
pgk_2	0	1	0	0	1	1	1	1	1
tpiA	0	1	0	0	1	1	1	1	1
ligA_1	0	1	0	0	1	1	1	1	1
ligA_2	0	1	0	0	1	1	1	1	1
group_1469	0	1	0	0	1	1	1	1	1
group_1470	0	1	0	0	1	1	1	1	1
group_1471	0	1	0	0	1	1	1	1	1
group_1472	0	1	0	0	1	1	1	1	1
group_1473	0	1	0	0	1	1	1	1	1
truB	0	1	0	0	1	1	1	1	1
lon_1	0	1	0	0	1	1	1	1	1
lon_2	0	1	0	0	1	1	1	1	1
group_1477	0	1	0	0	1	1	1	1	1
group_1478	0	1	0	0	1	1	1	1	1
group_1479	0	1	0	0	1	1	1	1	1
leuS_1	0	1	0	0	1	1	1	1	1
leuS_2	0	1	0	0	1	1	1	1	1
leuS_3	0	1	0	0	1	1	1	1	1
leuS_4	0	1	0	0	1	1	1	1	1
hsdS_3	0	1	0	0	1	1	1	1	1
group_1485	0	1	0	0	1	1	1	1	1
hsdS_5	0	1	0	0	1	1	1	1	1
hsdM_1	0	1	0	0	1	1	1	1	1
hsdM_2	0	1	0	0	1	1	1	1	1
group_1489	0	1	0	0	1	1	1	1	1
hsdR_1	0	1	0	0	1	1	1	1	1
hsdR_2	0	1	0	0	1	1	1	1	1
hsdR1_1	0	1	0	0	1	1	1	1	1
group_1494	0	1	0	0	1	1	1	1	1
group_1495	0	1	0	0	1	1	1	1	1
group_1496	0	1	0	0	1	1	1	1	1
mgtB_3	0	1	0	0	1	1	1	1	1
group_1499	0	1	0	0	1	1	1	1	1
group_1500	0	1	0	0	1	1	1	1	1
group_1501	0	1	0	0	1	1	1	1	1
group_1502	0	1	0	0	1	1	1	1	1
group_1504	0	1	0	0	1	1	1	1	1
group_1505	0	1	0	0	1	1	1	1	1
group_1506	0	1	0	0	1	1	1	1	1
tlyC	0	1	0	0	1	1	1	1	1
dnaB	0	1	0	0	1	1	1	1	1
group_1509	0	1	0	0	1	1	1	1	1
MCYN0678	0	1	0	0	1	1	1	1	1
group_1511	0	1	0	0	1	1	1	1	1
group_1512	0	1	0	0	1	1	1	1	1
group_1513	0	1	0	0	1	1	1	1	1
group_1514	0	1	0	0	1	1	1	1	1
group_1515	0	1	0	0	1	1	1	1	1
group_1516	0	1	0	0	1	1	1	1	1
group_1517	0	1	0	0	1	1	1	1	1
group_1518	0	1	0	0	1	1	1	1	1
group_1519	0	1	0	0	1	1	1	1	1
group_1520	0	1	0	0	1	1	1	1	1
group_1521	0	1	0	0	1	1	1	1	1
dnaE_1	0	1	0	0	1	1	1	1	1
polC_9	0	1	0	0	1	1	1	1	1
dnaE_2	0	1	0	0	1	1	1	1	1
potD_1	0	1	0	0	1	1	1	1	1
group_1526	0	1	0	0	1	1	1	1	1
potD_2	0	1	0	0	1	1	1	1	1
potC	0	1	0	0	1	1	1	1	1
group_1529	0	1	0	0	1	1	1	1	1
potB_2	0	1	0	0	1	1	1	1	1
potB_3	0	1	0	0	1	1	1	1	1
group_1532	0	1	0	0	1	1	1	1	1
potA	0	1	0	0	1	1	1	1	1
tlrC	0	1	0	0	1	1	1	1	1
group_1535	0	1	0	0	1	1	1	1	1
group_1536	0	1	0	0	1	1	1	1	1
group_1537	0	1	0	0	1	1	1	1	1
group_1538	0	1	0	0	1	1	1	1	1
group_1539	0	1	0	0	1	1	1	1	1
nadD	0	1	0	0	1	1	1	1	1
group_1541	0	1	0	0	1	1	1	1	1
mucB_1	0	1	0	0	1	1	1	1	1
mucB_2	0	1	0	0	1	1	1	1	1
nifU	0	1	0	0	1	1	1	1	1
nifS	0	1	0	0	1	1	1	1	1
rplM	0	1	0	0	1	1	1	1	1
rpsI	0	1	0	0	1	1	1	1	1
group_1548	0	1	0	0	1	1	1	1	1
group_1549	0	1	0	0	1	1	1	1	1
group_1550	0	1	0	0	1	1	1	1	1
group_1551	0	1	0	0	1	1	1	1	1
group_1552	0	1	0	0	1	1	1	1	1
group_1553	0	1	0	0	1	1	1	1	1
group_1554	0	1	0	0	1	1	1	1	1
hitC_8	0	1	0	0	1	1	1	1	1
oppF_1	0	1	0	0	1	1	1	1	1
oppF_2	0	1	0	0	1	1	1	1	1
ybtP	0	1	0	0	1	1	1	1	1
fepC	0	1	0	0	1	1	1	1	1
group_1560	0	1	0	0	1	1	1	1	1
group_1562	0	1	0	0	1	1	1	1	1
group_1563	0	1	0	0	1	1	1	1	1
oppC1	0	1	0	0	1	1	1	1	1
oppB_1	0	1	0	0	1	1	1	1	1
oppB_2	0	1	0	0	1	1	1	1	1
group_1567	0	1	0	0	1	1	1	1	1
group_1568	0	1	0	0	1	1	1	1	1
group_1569	0	1	0	0	1	1	1	1	1
group_1570	0	1	0	0	1	1	1	1	1
group_1571	0	1	0	0	1	1	1	1	1
group_1572	0	1	0	0	1	1	1	1	1
group_1573	0	1	0	0	1	1	1	1	1
tpx	0	1	0	0	1	1	1	1	1
MCYN0500_1	0	1	0	0	1	1	1	1	1
MCYN0500_2	0	1	0	0	1	1	1	1	1
group_1577	0	1	0	0	1	1	1	1	1
group_1578	0	1	0	0	1	1	1	1	1
group_1579	0	1	0	0	1	1	1	1	1
group_1580	0	1	0	0	1	1	1	1	1
rpoD	0	1	0	0	1	1	1	1	1
group_1582	0	1	0	0	1	1	1	1	1
group_1583	0	1	0	0	1	1	1	1	1
dnaG	0	1	0	0	1	1	1	1	1
glyS_1	0	1	0	0	1	1	1	1	1
glyS_2	0	1	0	0	1	1	1	1	1
group_1587	0	1	0	0	1	1	1	1	1
group_1588	0	1	0	0	1	1	1	1	1
group_1589	0	1	0	0	1	1	1	1	1
group_1590	0	1	0	0	1	1	1	1	1
trmU_2	0	1	0	0	1	1	1	1	1
mnmA	0	1	0	0	1	1	1	1	1
alaS_1	0	1	0	0	1	1	1	1	1
alaS_2	0	1	0	0	1	1	1	1	1
alaS_3	0	1	0	0	1	1	1	1	1
group_1596	0	1	0	0	1	1	1	1	1
group_1597	0	1	0	0	1	1	1	1	1
group_1598	0	1	0	0	1	1	1	1	1
greA	0	1	0	0	1	1	1	1	1
dgk1	0	1	0	0	1	1	1	1	1
MCYN0418	0	1	0	0	1	1	1	1	1
xfp	0	1	0	0	1	1	1	1	1
group_1603	0	1	0	0	1	1	1	1	1
group_1604	0	1	0	0	1	1	1	1	1
group_1605	0	1	0	0	1	1	1	1	1
group_1606	0	1	0	0	1	1	1	1	1
group_1607	0	1	0	0	1	1	1	1	1
group_1608	0	1	0	0	1	1	1	1	1
group_1609	0	1	0	0	1	1	1	1	1
group_1610	0	1	0	0	1	1	1	1	1
mgtE	0	1	0	0	1	1	1	1	1
group_1612	0	1	0	0	1	1	1	1	1
group_1613	0	1	0	0	1	1	1	1	1
group_1614	0	1	0	0	1	1	1	1	1
group_1615	0	1	0	0	1	1	1	1	1
group_1616	0	1	0	0	1	1	1	1	1
patA_1	0	1	0	0	1	1	1	1	1
patA_2	0	1	0	0	1	1	1	1	1
lmrD	0	1	0	0	1	1	1	1	1
patB	0	1	0	0	1	1	1	1	1
group_1621	0	1	0	0	1	1	1	1	1
group_1622	0	1	0	0	1	1	1	1	1
group_1623	0	1	0	0	1	1	1	1	1
group_1624	0	1	0	0	1	1	1	1	1
group_1625	0	1	0	0	1	1	1	1	1
group_1626	0	1	0	0	1	1	1	1	1
group_1627	0	1	0	0	1	1	1	1	1
group_1628	0	1	0	0	1	1	1	1	1
hsdS_4	0	1	0	0	1	1	1	1	1
MCYN0276	0	1	0	0	1	1	1	1	1
secA_1	0	1	0	0	1	1	1	1	1
secA_2	0	1	0	0	1	1	1	1	1
group_1633	0	1	0	0	1	1	1	1	1
pgm	0	1	0	0	1	1	1	1	1
dnaX_1	0	1	0	0	1	1	1	1	1
dnaX_2	0	1	0	0	1	1	1	1	1
group_1637	0	1	0	0	1	1	1	1	1
recR	0	1	0	0	1	1	1	1	1
MCYN0832	0	1	0	0	1	1	1	1	1
group_1640	0	1	0	0	1	1	1	1	1
group_1641	0	1	0	0	1	1	1	1	1
group_1642	0	1	0	0	1	1	1	1	1
group_1643	0	1	0	0	1	1	1	1	1
group_1644	0	1	0	0	1	1	1	1	1
group_1645	0	1	0	0	1	1	1	1	1
group_1646	0	1	0	0	1	1	1	1	1
group_1647	0	1	0	0	1	1	1	1	1
whiA	0	1	0	0	1	1	1	1	1
holA_1	0	1	0	0	1	1	1	1	1
holA_2	0	1	0	0	1	1	1	1	1
group_1651	0	1	0	0	1	1	1	1	1
rplQ	0	1	0	0	1	1	1	1	1
rpoA	0	1	0	0	1	1	1	1	1
group_1654	0	1	0	0	1	1	1	1	1
group_1655	0	1	0	0	1	1	1	1	1
rpsM	0	1	0	0	1	1	1	1	1
infA	0	1	0	0	1	1	1	1	1
map	0	1	0	0	1	1	1	1	1
adk	0	1	0	0	1	1	1	1	1
secY_1	0	1	0	0	1	1	1	1	1
secY_2	0	1	0	0	1	1	1	1	1
group_1662	0	1	0	0	1	1	1	1	1
group_1663	0	1	0	0	1	1	1	1	1
group_1664	0	1	0	0	1	1	1	1	1
group_1665	0	1	0	0	1	1	1	1	1
group_1666	0	1	0	0	1	1	1	1	1
atpC	0	1	0	0	1	1	1	1	1
yscN	0	1	0	0	1	1	1	1	1
atpG	0	1	0	0	1	1	1	1	1
pscN	0	1	0	0	1	1	1	1	1
bsaS	0	1	0	0	1	1	1	1	1
atpA	0	1	0	0	1	1	1	1	1
atpH	0	1	0	0	1	1	1	1	1
atpF	0	1	0	0	1	1	1	1	1
atpE	0	1	0	0	1	1	1	1	1
atpB_1	0	1	0	0	1	1	1	1	1
atpI	0	1	0	0	1	1	1	1	1
flhF	0	1	0	0	1	1	1	1	1
group_1679	0	1	0	0	1	1	1	1	1
gcp	0	1	0	0	1	1	1	1	1
glyA_1	0	1	0	0	1	1	1	1	1
glyA_2	0	1	0	0	1	1	1	1	1
group_1683	0	1	0	0	1	1	1	1	1
pheT_1	0	1	0	0	1	1	1	1	1
pheT_2	0	1	0	0	1	1	1	1	1
ung	0	1	0	0	1	1	1	1	1
pheS_1	0	1	0	0	1	1	1	1	1
MCYN0468	0	1	0	0	1	1	1	1	1
pheS_3	0	1	0	0	1	1	1	1	1
mgs1	0	1	0	0	1	1	1	1	1
rnhB1_1	0	1	0	0	1	1	1	1	1
rnhB1_2	0	1	0	0	1	1	1	1	1
group_1693	0	1	0	0	1	1	1	1	1
group_1695	0	1	0	0	1	1	1	1	1
group_1696	0	1	0	0	1	1	1	1	1
group_1697	0	1	0	0	1	1	1	1	1
dnaJ	0	1	0	0	1	1	1	1	1
MCYN0748	0	1	0	0	1	1	1	1	1
cmk	0	1	0	0	1	1	1	1	1
engA_1	0	1	0	0	1	1	1	1	1
engA_2	0	1	0	0	1	1	1	1	1
engA_3	0	1	0	0	1	1	1	1	1
dnaI	0	1	0	0	1	1	1	1	1
group_1705	0	1	0	0	1	1	1	1	1
group_1706	0	1	0	0	1	1	1	1	1
gidA_1	0	1	0	0	1	1	1	1	1
gidA_2	0	1	0	0	1	1	1	1	1
gidA_3	0	1	0	0	1	1	1	1	1
rlmH	0	1	0	0	1	1	1	1	1
tig_1	0	1	0	0	1	1	1	1	1
tig_2	0	1	0	0	1	1	1	1	1
group_1713	0	1	0	0	1	1	1	1	1
pepA-1	0	1	0	0	1	1	1	1	1
group_1715	0	1	0	0	1	1	1	1	1
tdk_1	0	1	0	0	1	1	1	1	1
tdk_2	0	1	0	0	1	1	1	1	1
group_1718	0	1	0	0	1	1	1	1	1
group_1719	0	1	0	0	1	1	1	1	1
group_1720	0	1	0	0	1	1	1	1	1
group_1721	0	1	0	0	1	1	1	1	1
gidB	0	1	0	0	1	1	1	1	1
prsA	0	1	0	0	1	1	1	1	1
clpC_1	0	1	0	0	1	1	1	1	1
clpB	0	1	0	0	1	1	1	1	1
clpC_2	0	1	0	0	1	1	1	1	1
trmB-2	0	1	0	0	1	1	1	1	1
group_1728	0	1	0	0	1	1	1	1	1
prfA2	0	1	0	0	1	1	1	1	1
acpS	0	1	0	0	1	1	1	1	1
plsC	0	1	0	0	1	1	1	1	1
group_1732	0	1	0	0	1	1	1	1	1
scpA	0	1	0	0	1	1	1	1	1
group_1734	0	1	0	0	1	1	1	1	1
rluC	0	1	0	0	1	1	1	1	1
group_1736	0	1	0	0	1	1	1	1	1
gatC	0	1	0	0	1	1	1	1	1
gatA_1	0	1	0	0	1	1	1	1	1
gatA_2	0	1	0	0	1	1	1	1	1
gatB	0	1	0	0	1	1	1	1	1
MCYN0324	0	1	0	0	1	1	1	1	1
group_1742	0	1	0	0	1	1	1	1	1
cdsA	0	1	0	0	1	1	1	1	1
pyrH_1	0	1	0	0	1	1	1	1	1
pyrH_2	0	1	0	0	1	1	1	1	1
rrf	0	1	0	0	1	1	1	1	1
group_1747	0	1	0	0	1	1	1	1	1
group_1748	0	1	0	0	1	1	1	1	1
cysS_1	0	1	0	0	1	1	1	1	1
cysS_3	0	1	0	0	1	1	1	1	1
spoU2_1	0	1	0	0	1	1	1	1	1
group_1752	0	1	0	0	1	1	1	1	1
group_1753	0	1	0	0	1	1	1	1	1
nusG_1	0	1	0	0	1	1	1	1	1
nusG_2	0	1	0	0	1	1	1	1	1
rpe	0	1	0	0	1	1	1	1	1
rsgA	0	1	0	0	1	1	1	1	1
group_1758	0	1	0	0	1	1	1	1	1
group_1759	0	1	0	0	1	1	1	1	1
gmk	0	1	0	0	1	1	1	1	1
secG	0	1	0	0	1	1	1	1	1
vacB_1	0	1	0	0	1	1	1	1	1
vacB_2	0	1	0	0	1	1	1	1	1
group_1764	0	1	0	0	1	1	1	1	1
group_1765	0	1	0	0	1	1	1	1	1
group_1766	0	1	0	0	1	1	1	1	1
metS_2	0	1	0	0	1	1	1	1	1
MCYN0166	0	1	0	0	1	1	1	1	1
group_1769	0	1	0	0	1	1	1	1	1
group_1770	0	1	0	0	1	1	1	1	1
ftsH_1	0	1	0	0	1	1	1	1	1
ftsH_2	0	1	0	0	1	1	1	1	1
mesJ	0	1	0	0	1	1	1	1	1
pth	0	1	0	0	1	1	1	1	1
recD_1	0	1	0	0	1	1	1	1	1
recD_2	0	1	0	0	1	1	1	1	1
group_1777	0	1	0	0	1	1	1	1	1
group_1778	0	1	0	0	1	1	1	1	1
dnaA	0	1	0	0	1	1	1	1	1
dnaN	0	1	0	0	1	1	1	1	1
yaaA	0	1	0	0	1	1	1	1	1
asnA_1	0	1	0	0	1	1	1	1	1
asnA_2	0	1	0	0	1	1	1	1	1
group_1784	0	1	0	0	1	1	1	1	1
group_1785	0	1	0	0	1	1	1	1	1
group_1786	0	1	0	0	1	1	1	1	1
yidC_1	0	1	0	0	1	1	1	1	1
yidC_3	0	1	0	0	1	1	1	1	1
rpmH	0	1	0	0	1	1	1	1	1
group_1790	0	1	0	0	1	1	1	1	1
group_1791	0	1	0	0	1	1	1	1	1
trmA	0	1	0	0	1	1	1	1	1
group_1794	0	1	0	0	1	1	1	1	1
group_1795	0	1	0	0	1	1	1	1	1
group_1796	0	1	0	0	1	1	1	1	1
group_1797	0	1	0	0	1	1	1	1	1
group_1798	0	1	0	0	1	1	1	1	1
group_1799	0	1	0	0	1	1	1	1	1
group_1800	0	1	0	0	1	1	1	1	1
group_1801	0	1	0	0	1	1	1	1	1
group_1802	0	1	0	0	1	1	1	1	1
nusA_1	0	1	0	0	1	1	1	1	1
nusA_2	0	1	0	0	1	1	1	1	1
group_1805	0	1	0	0	1	1	1	1	1
tet32	0	1	0	0	1	1	1	1	1
apt	0	1	0	0	1	1	1	1	1
group_1808	0	1	0	0	1	1	1	1	1
group_1809	0	1	0	0	1	1	1	1	1
group_1810	0	1	0	0	1	1	1	1	1
group_1811	0	1	0	0	1	1	1	1	1
sunT	0	1	0	0	1	1	1	1	1
group_1813	0	1	0	0	1	1	1	1	1
group_1814	0	1	0	0	1	1	1	1	1
group_1815	0	1	0	0	1	1	1	1	1
cdd	0	1	0	0	1	1	1	1	1
era	0	1	0	0	1	1	1	1	1
pepP_1	0	1	0	0	1	1	1	1	1
pepP_2	0	1	0	0	1	1	1	1	1
proS_1	0	1	0	0	1	1	1	1	1
proS_2	0	1	0	0	1	1	1	1	1
group_1822	0	1	0	0	1	1	1	1	1
polC_1	0	1	0	0	1	1	1	1	1
polC_2	0	1	0	0	1	1	1	1	1
polC_4	0	1	0	0	1	1	1	1	1
group_1826	0	1	0	0	1	1	1	1	1
polC_5	0	1	0	0	1	1	1	1	1
polC_7	0	1	0	0	1	1	1	1	1
polC_8	0	1	0	0	1	1	1	1	1
group_1830	0	1	0	0	1	1	1	1	1
rpsT	0	1	0	0	1	1	1	1	1
pyk	0	1	0	0	1	1	1	1	1
group_1833	0	1	0	0	1	1	1	1	1
group_1834	0	1	0	0	1	1	1	1	1
engB	0	1	0	0	1	1	1	1	1
ackA_1	0	1	0	0	1	1	1	1	1
ackA_2	0	1	0	0	1	1	1	1	1
pta	0	1	0	0	1	1	1	1	1
folD	0	1	0	0	1	1	1	1	1
valRS_1	0	1	0	0	1	1	1	1	1
valS	0	1	0	0	1	1	1	1	1
valRS_2	0	1	0	0	1	1	1	1	1
valRS_3	0	1	0	0	1	1	1	1	1
group_1844	0	1	0	0	1	1	1	1	1
group_1845	0	1	0	0	1	1	1	1	1
group_1846	0	1	0	0	1	1	1	1	1
group_1847	0	1	0	0	1	1	1	1	1
rmuC	0	1	0	0	1	1	1	1	1
group_1849	0	1	0	0	1	1	1	1	1
smpB	0	1	0	0	1	1	1	1	1
group_1851	0	1	0	0	1	1	1	1	1
gyrB2_1	0	1	0	0	1	1	1	1	1
group_1853	0	1	0	0	1	1	1	1	1
group_1854	0	1	0	0	1	1	1	1	1
group_1855	0	1	0	0	1	1	1	1	1
group_1856	0	1	0	0	1	1	1	1	1
group_1857	0	1	0	0	1	1	1	1	1
group_1858	0	1	0	0	1	1	1	1	1
group_1859	0	1	0	0	1	1	1	1	1
group_1860	0	1	0	0	1	1	1	1	1
group_1861	0	1	0	0	1	1	1	1	1
group_1862	0	1	0	0	1	1	1	1	1
dnaK_1	0	1	0	0	1	1	1	1	1
dnaK_2	0	1	0	0	1	1	1	1	1
fmt	0	1	0	0	1	1	1	1	1
wbkC	0	1	0	0	1	1	1	1	1
trmE	0	1	0	0	1	1	1	1	1
thdF	0	1	0	0	1	1	1	1	1
tatD_1	0	1	0	0	1	1	1	1	1
tatD_2	0	1	0	0	1	1	1	1	1
ErmX	0	1	0	0	1	1	1	1	1
ErmR	0	1	0	0	1	1	1	1	1
group_1873	0	1	0	0	1	1	1	1	1
gpsA_2	0	1	0	0	1	1	1	1	1
group_1875	0	1	0	0	1	1	1	1	1
group_1876	0	1	0	0	1	1	1	1	1
group_1877	0	1	0	0	1	1	1	1	1
group_1878	0	1	0	0	1	1	1	1	1
rnj	0	1	0	0	1	1	1	1	1
hprK_1	0	1	0	0	1	1	1	1	1
hprK_2	0	1	0	0	1	1	1	1	1
trxB_1	0	1	0	0	1	1	1	1	1
trxB_2	0	1	0	0	1	1	1	1	1
MCYN0846	0	1	0	0	1	1	1	1	1
rpmB	0	1	0	0	1	1	1	1	1
rpsP	0	1	0	0	1	1	1	1	1
MCYN0005	0	1	0	0	1	1	1	1	1
rplS	0	1	0	0	1	1	1	1	1
group_1889	0	1	0	0	1	1	1	1	1
group_1890	0	1	0	0	1	1	1	1	1
rluA	0	1	0	0	1	1	1	1	1
group_1892	0	1	0	0	1	1	1	1	1
group_1893	0	1	0	0	1	1	1	1	1
group_1894	0	1	0	0	1	1	1	1	1
group_1895	0	1	0	0	1	1	1	1	1
group_1896	0	1	0	0	1	1	1	1	1
group_1897	0	1	0	0	1	1	1	1	1
group_1898	0	1	0	0	1	1	1	1	1
group_1899	0	1	0	0	1	1	1	1	1
group_1900	0	1	0	0	1	1	1	1	1
gyrB1_1	0	1	0	0	1	1	1	1	1
parE_2	0	1	0	0	1	1	1	1	1
gyrB1_2	0	1	0	0	1	1	1	1	1
gyrA2_1	0	1	0	0	1	1	1	1	1
gyrA2_2	0	1	0	0	1	1	1	1	1
gyrA2_3	0	1	0	0	1	1	1	1	1
group_1907	0	1	0	0	1	1	1	1	1
pgsA	0	1	0	0	1	1	1	1	1
group_1909	0	1	0	0	1	1	1	1	1
deoB_1	0	1	0	0	1	1	1	1	1
deoB_2	0	1	0	0	1	1	1	1	1
deoB_3	0	1	0	0	1	1	1	1	1
group_1913	0	1	0	0	1	1	1	1	1
group_1914	0	1	0	0	1	1	1	1	1
group_1915	0	1	0	0	1	1	1	1	1
group_1916	0	1	0	0	1	1	1	1	1
group_1917	0	1	0	0	1	1	1	1	1
group_1918	0	1	0	0	1	1	1	1	1
group_1919	0	1	0	0	1	1	1	1	1
group_1920	0	1	0	0	1	1	1	1	1
plsX_1	0	1	0	0	1	1	1	1	1
plsX_2	0	1	0	0	1	1	1	1	1
rnc	0	1	0	0	1	1	1	1	1
gapA_1	0	1	0	0	1	1	1	1	1
gapA_2	0	1	0	0	1	1	1	1	1
group_1926	0	1	0	0	1	1	1	1	1
group_1928	0	1	0	0	1	1	1	1	1
group_1929	0	1	0	0	1	1	1	1	1
secD_1	0	1	0	0	1	1	1	1	1
secD_2	0	1	0	0	1	1	1	1	1
secDF	0	1	0	0	1	1	1	1	1
secD_3	0	1	0	0	1	1	1	1	1
ribF	0	1	0	0	1	1	1	1	1
group_1935	0	1	0	0	1	1	1	1	1
argS_1	0	1	0	0	1	1	1	1	1
argS_2	0	1	0	0	1	1	1	1	1
argS_3	0	1	0	0	1	1	1	1	1
group_1939	0	1	0	0	1	1	1	1	1
oppB3_2	0	1	0	0	1	1	1	1	1
group_1941	0	1	0	0	1	1	1	1	1
oppC3	0	1	0	0	1	1	1	1	1
dppC	0	1	0	0	1	1	1	1	1
group_1944	0	1	0	0	1	1	1	1	1
group_1945	0	1	0	0	1	1	1	1	1
group_1946	0	1	0	0	1	1	1	1	1
group_1947	0	1	0	0	1	1	1	1	1
tetW	0	1	0	0	1	1	1	1	1
group_1949	0	1	0	0	1	1	1	1	1
group_1950	0	1	0	0	1	1	1	1	1
group_1951	0	1	0	0	1	1	1	1	1
group_1952	0	1	0	0	1	1	1	1	1
group_1953	0	1	0	0	1	1	1	1	1
group_1954	0	1	0	0	1	1	1	1	1
group_1955	0	1	0	0	1	1	1	1	1
group_1956	0	1	0	0	1	1	1	1	1
group_1957	0	1	0	0	1	1	1	1	1
group_1958	0	1	0	0	1	1	1	1	1
bcrA_3	0	1	0	0	1	1	1	1	1
hitC_3	0	1	0	0	1	1	1	1	1
group_1961	0	1	0	0	1	1	1	1	1
group_1962	0	1	0	0	1	1	1	1	1
group_1963	0	1	0	0	1	1	1	1	1
group_1964	0	1	0	0	1	1	1	1	1
group_1966	0	1	0	0	1	1	1	1	1
group_1967	0	1	0	0	1	1	1	1	1
group_1968	0	1	0	0	1	1	1	1	1
group_1969	0	1	0	0	1	1	1	1	1
group_1970	0	1	0	0	1	1	1	1	1
rplL	0	1	0	0	1	1	1	1	1
rplJ	0	1	0	0	1	1	1	1	1
group_1973	0	1	0	0	1	1	1	1	1
group_1974	0	1	0	0	1	1	1	1	1
recA	0	1	0	0	1	1	1	1	1
group_1976	0	1	0	0	1	1	1	1	1
rplC	0	1	0	0	1	1	1	1	1
group_1978	0	1	0	0	1	1	1	1	1
rplD_1	0	1	0	0	1	1	1	1	1
rplD_2	0	1	0	0	1	1	1	1	1
rplD_3	0	1	0	0	1	1	1	1	1
MCYN0178	0	1	0	0	1	1	1	1	1
rplB	0	1	0	0	1	1	1	1	1
rpsS_2	0	1	0	0	1	1	1	1	1
rplV	0	1	0	0	1	1	1	1	1
rpsC	0	1	0	0	1	1	1	1	1
rplP_2	0	1	0	0	1	1	1	1	1
rpsQ	0	1	0	0	1	1	1	1	1
rplN	0	1	0	0	1	1	1	1	1
group_1990	0	1	0	0	1	1	1	1	1
rplE	0	1	0	0	1	1	1	1	1
MCYN0189	0	1	0	0	1	1	1	1	1
rpsH	0	1	0	0	1	1	1	1	1
rplF	0	1	0	0	1	1	1	1	1
MCYN0192	0	1	0	0	1	1	1	1	1
rpsE	0	1	0	0	1	1	1	1	1
MCYN0194	0	1	0	0	1	1	1	1	1
rplO	0	1	0	0	1	1	1	1	1
group_1999	0	1	0	0	1	1	1	1	1
group_2000	0	1	0	0	1	1	1	1	1
group_2001	0	1	0	0	1	1	1	1	1
group_2002	0	1	0	0	1	1	1	1	1
group_2003	0	1	0	0	1	1	1	1	1
group_2004	0	1	0	0	1	1	1	1	1
group_2005	0	1	0	0	1	1	1	1	1
group_2006	0	1	0	0	1	1	1	1	1
group_2007	0	1	0	0	1	1	1	1	1
vgaE	0	1	0	0	1	1	1	1	1
optrA	0	1	0	0	1	1	1	1	1
TaeA	0	1	0	0	1	1	1	1	1
group_2011	0	1	0	0	1	1	1	1	1
group_2012	0	1	0	0	1	1	1	1	1
group_2013	0	1	0	0	1	1	1	1	1
group_2014	0	1	0	0	1	1	1	1	1
group_2015	0	1	0	0	1	1	1	1	1
group_2016	0	1	0	0	1	1	1	1	1
group_2017	0	1	0	0	1	1	1	1	1
rpsB_1	0	1	0	0	1	1	1	1	1
rpsB_2	0	1	0	0	1	1	1	1	1
rpsB_3	0	1	0	0	1	1	1	1	1
tsf_2	0	1	0	0	1	1	1	1	1
group_2022	0	1	0	0	1	1	1	1	1
ebh_1	0	1	0	0	1	1	1	1	1
ebh_2	0	1	0	0	1	1	1	1	1
group_2025	0	1	0	0	1	1	1	1	1
group_2026	0	1	0	0	1	1	1	1	1
group_2027	0	1	0	0	1	1	1	1	1
group_2028	0	1	0	0	1	1	1	1	1
group_2029	0	1	0	0	1	1	1	1	1
group_2030	0	1	0	0	1	1	1	1	1
group_2031	0	1	0	0	1	1	1	1	1
group_2032	0	1	0	0	1	1	1	1	1
ebhA_2	0	1	0	0	1	1	1	1	1
group_2034	0	1	0	0	1	1	1	1	1
group_2035	0	1	0	0	1	1	1	1	1
group_2036	0	1	0	0	1	1	1	1	1
group_2037	0	1	0	0	1	1	1	1	1
group_2038	0	1	0	0	1	1	1	1	1
group_2039	0	1	0	0	1	1	1	1	1
group_2040	0	1	0	0	1	1	1	1	1
group_2041	0	1	0	0	1	1	1	1	1
arcC	0	1	0	0	1	1	1	1	1
argF_3	0	1	0	0	1	1	1	1	1
argF_2	0	1	0	0	1	1	1	1	1
group_2046	0	1	0	0	1	1	1	1	1
arcA_1	0	1	0	0	1	1	1	1	1
arcA_2	0	1	0	0	1	1	1	1	1
arcA_3	0	1	0	0	1	1	1	1	1
group_2050	0	1	0	0	1	1	1	1	1
ebh_3	0	1	0	0	1	1	1	1	1
ebh_4	0	1	0	0	1	1	1	1	1
ebhA_1	0	1	0	0	1	1	1	1	1
group_2054	0	1	0	0	1	1	1	1	1
group_2055	0	1	0	0	1	1	1	1	1
group_2056	0	1	0	0	1	1	1	1	1
group_2057	0	1	0	0	1	1	1	1	1
group_2058	0	1	0	0	1	1	1	1	1
group_2059	0	1	0	0	1	1	1	1	1
rpmI	0	1	0	0	1	1	1	1	1
aspS-2_1	0	1	0	0	1	1	1	1	1
MCYN0125	0	1	0	0	1	1	1	1	1
aspS_2	0	1	0	0	1	1	1	1	1
aspS-2_2	0	1	0	0	1	1	1	1	1
aspS_1	0	1	0	0	1	1	1	1	1
hisS_4	0	1	0	0	1	1	1	1	1
hisS_3	0	1	0	0	1	1	1	1	1
group_2068	0	1	0	0	1	1	1	1	1
group_2069	0	1	0	0	1	1	1	1	1
group_2070	0	1	0	0	1	1	1	1	1
group_2071	0	1	0	0	1	1	1	1	1
pcrA_3	0	1	0	0	1	1	1	1	1
pcrA_2	0	1	0	0	1	1	1	1	1
pcrA_1	0	1	0	0	1	1	1	1	1
group_2075	0	1	0	0	1	1	1	1	1
group_2076	0	1	0	0	1	1	1	1	1
group_2077	0	1	0	0	1	1	1	1	1
asnS_2	0	1	0	0	1	1	1	1	1
asnS_1	0	1	0	0	1	1	1	1	1
pepC_1	0	1	0	0	1	1	1	1	1
pepC_2	0	1	0	0	1	1	1	1	1
group_2082	0	1	0	0	1	1	1	1	1
group_2083	0	1	0	0	1	1	1	1	1
mgtA	0	1	0	0	1	1	1	1	1
mgtB_4	0	1	0	0	1	1	1	1	1
mgtB_5	0	1	0	0	1	1	1	1	1
group_2087	0	1	0	0	1	1	1	1	1
group_2088	0	1	0	0	1	1	1	1	1
def_1	0	1	0	0	1	1	1	1	1
hsdS_2	0	1	0	0	1	1	1	1	1
group_2091	0	1	0	0	1	1	1	1	1
group_2092	0	1	0	0	1	1	1	1	1
mutS2	0	1	0	0	1	1	1	1	1
nei	0	1	0	0	1	1	1	1	1
group_2095	0	1	0	0	1	1	1	1	1
group_2096	0	1	0	0	1	1	1	1	1
group_2097	0	1	0	0	1	1	1	1	1
ldh_1	0	1	0	0	1	1	1	1	1
ldh_2	0	1	0	0	1	1	1	1	1
group_2100	0	1	0	0	1	1	1	1	1
group_2101	0	1	0	0	1	1	1	1	1
group_2102	0	1	0	0	1	1	1	1	1
group_2104	0	1	0	0	1	1	1	1	1
group_2105	0	1	0	0	1	1	1	1	1
group_2106	0	1	0	0	1	1	1	1	1
group_2107	0	1	0	0	1	1	1	1	1
group_2108	0	1	0	0	1	1	1	1	1
group_2109	0	1	0	0	1	1	1	1	1
group_2110	0	1	0	0	1	1	1	1	1
group_2111	0	1	0	0	1	1	1	1	1
group_2112	0	1	0	0	1	1	1	1	1
group_2113	0	1	0	0	1	1	1	1	1
group_2114	0	1	0	0	1	1	1	1	1
group_2115	0	1	0	0	1	1	1	1	1
group_2116	0	1	0	0	1	1	1	1	1
group_2117	0	1	0	0	1	1	1	1	1
group_2118	0	1	0	0	1	1	1	1	1
group_2119	0	1	0	0	1	1	1	1	1
msrC	0	1	0	0	1	1	1	1	1
celM2_1	0	1	0	0	1	1	1	1	1
celM2_2	0	1	0	0	1	1	1	1	1
group_2123	0	1	0	0	1	1	1	1	1
group_2124	0	1	0	0	1	1	1	1	1
nusB_1	0	1	0	0	1	1	1	1	1
nusB_2	0	1	0	0	1	1	1	1	1
group_2127	0	1	0	0	1	1	1	1	1
deoC_1	0	1	0	0	1	1	1	1	1
deoC_2	0	1	0	0	1	1	1	1	1
MCYN0345	0	1	0	0	1	1	1	1	1
pynP_1	0	1	0	0	1	1	1	1	1
pynP_2	0	1	0	0	1	1	1	1	1
deoD	0	1	0	0	1	1	1	1	1
MCYN0344	0	1	0	0	1	1	1	1	1
group_2135	0	1	0	0	1	1	1	1	1
group_2136	0	1	0	0	1	1	1	1	1
group_2137	0	1	0	0	1	1	1	1	1
ileS_1	0	1	0	0	1	1	1	1	1
ileS_2	0	1	0	0	1	1	1	1	1
group_2140	0	1	0	0	1	1	1	1	1
ileS_3	0	1	0	0	1	1	1	1	1
group_2142	0	1	0	0	1	1	1	1	1
ileS_4	0	1	0	0	1	1	1	1	1
ileS_5	0	1	0	0	1	1	1	1	1
hlyB_1	0	1	0	0	1	1	1	1	1
mdlB4	0	1	0	0	1	1	1	1	1
msbA	0	1	0	0	1	1	1	1	1
group_2148	0	1	0	0	1	1	1	1	1
tetA(60)	0	1	0	0	1	1	1	1	1
mdlB3_1	0	1	0	0	1	1	1	1	1
mdlB3_2	0	1	0	0	1	1	1	1	1
group_2152	0	1	0	0	1	1	1	1	1
group_2153	0	1	0	0	1	1	1	1	1
group_2154	0	1	0	0	1	1	1	1	1
group_2155	0	1	0	0	1	1	1	1	1
group_2156	0	1	0	0	1	1	1	1	1
group_2157	0	1	0	0	1	1	1	1	1
bcrA_1	0	1	0	0	1	1	1	1	1
group_2159	0	1	0	0	1	1	1	1	1
group_2160	0	1	0	0	1	1	1	1	1
group_2161	0	1	0	0	1	1	1	1	1
group_2162	0	1	0	0	1	1	1	1	1
celM1	0	1	0	0	1	1	1	1	1
group_2164	0	1	0	0	1	1	1	1	1
group_2165	0	1	0	0	1	1	1	1	1
nfo	0	1	0	0	1	1	1	1	1
group_2167	0	1	0	0	1	1	1	1	1
tetB(P)_2	0	1	0	0	1	1	1	1	1
rpsG_2	0	1	0	0	1	1	1	1	1
group_2170	0	1	0	0	1	1	1	1	1
group_2171	0	1	0	0	1	1	1	1	1
group_2172	0	1	0	0	1	1	1	1	1
group_2173	0	1	0	0	1	1	1	1	1
group_2174	0	1	0	0	1	1	1	1	1
group_2175	0	1	0	0	1	1	1	1	1
group_2176	0	1	0	0	1	1	1	1	1
group_2177	0	1	0	0	1	1	1	1	1
group_2178	0	1	0	0	1	1	1	1	1
group_2179	0	1	0	0	1	1	1	1	1
rpoC_1	0	1	0	0	1	1	1	1	1
rpoC_2	0	1	0	0	1	1	1	1	1
rpoC_3	0	1	0	0	1	1	1	1	1
rpoC_5	0	1	0	0	1	1	1	1	1
rpoB2_1	0	1	0	0	1	1	1	1	1
rpoB2_2	0	1	0	0	1	1	1	1	1
rpoB	0	1	0	0	1	1	1	1	1
licA	0	1	0	0	1	1	1	1	1
group_2188	0	1	0	0	1	1	1	1	1
rbfA	0	1	0	0	1	1	1	1	1
ppa_1	0	1	0	0	1	1	1	1	1
ppa_2	0	1	0	0	1	1	1	1	1
group_2192	0	1	0	0	1	1	1	1	1
group_2194	0	1	0	0	1	1	1	1	1
cdsN	0	1	0	0	1	1	1	1	1
ascN	0	1	0	0	1	1	1	1	1
group_2197	0	1	0	0	1	1	1	1	1
group_2198	0	1	0	0	1	1	1	1	1
group_2199	0	1	0	0	1	1	1	1	1
group_2200	0	1	0	0	1	1	1	1	1
group_2201	0	1	0	0	1	1	1	1	1
group_2202	0	1	0	0	1	1	1	1	1
atpD	0	1	0	0	1	1	1	1	1
group_2205	0	1	0	0	1	1	1	1	1
group_2206	0	1	0	0	1	1	1	1	1
group_2207	0	1	0	0	1	1	1	1	1
group_2208	0	1	0	0	1	1	1	1	1
group_2209	0	1	0	0	1	1	1	1	1
group_2210	0	1	0	0	1	1	1	1	1
group_2211	0	1	0	0	1	1	1	1	1
group_2212	0	1	0	0	1	1	1	1	1
lysS	0	1	0	0	1	1	1	1	1
group_2214	0	1	0	0	1	1	1	1	1
group_2215	0	1	0	0	1	1	1	1	1
group_2216	0	1	0	0	1	1	1	1	1
group_2217	0	1	0	0	1	1	1	1	1
group_2218	0	1	0	0	1	1	1	1	1
group_2219	0	1	0	0	1	1	1	1	1
group_2220	0	1	0	0	1	1	1	1	1
group_2221	0	1	0	0	1	1	1	1	1
group_2222	0	1	0	0	1	1	1	1	1
ugpE_1	0	1	0	0	1	1	1	1	1
ugpE_2	0	1	0	0	1	1	1	1	1
group_2225	0	1	0	0	1	1	1	1	1
group_2226	0	1	0	0	1	1	1	1	1
hitC_4	0	1	0	0	1	1	1	1	1
hitC_5	0	1	0	0	1	1	1	1	1
group_2229	0	1	0	0	1	1	1	1	1
group_2230	0	1	0	0	1	1	1	1	1
group_2231	0	1	0	0	1	1	1	1	1
group_2232	0	1	0	0	1	1	1	1	1
group_2233	0	1	0	0	1	1	1	1	1
group_2234	0	1	0	0	1	1	1	1	1
group_2235	0	1	0	0	1	1	1	1	1
group_2236	0	1	0	0	1	1	1	1	1
group_2237	0	1	0	0	1	1	1	1	1
group_2238	0	1	0	0	1	1	1	1	1
group_2239	0	1	0	0	1	1	1	1	1
group_2240	0	1	0	0	1	1	1	1	1
group_2241	0	1	0	0	1	1	1	1	1
group_2242	0	1	0	0	1	1	1	1	1
group_2243	0	1	0	0	1	1	1	1	1
group_2244	0	1	0	0	1	1	1	1	1
group_2245	0	1	0	0	1	1	1	1	1
group_2246	0	1	0	0	1	1	1	1	1
group_2247	0	1	0	0	1	1	1	1	1
group_2248	0	1	0	0	1	1	1	1	1
group_2249	0	1	0	0	1	1	1	1	1
group_2250	0	1	0	0	1	1	1	1	1
group_2251	0	1	0	0	1	1	1	1	1
group_2252	0	1	0	0	1	1	1	1	1
group_2253	0	1	0	0	1	1	1	1	1
macB_2	0	1	0	0	1	1	1	1	1
group_2255	0	1	0	0	1	1	1	1	1
group_2256	0	1	0	0	1	1	1	1	1
group_2257	0	1	0	0	1	1	1	1	1
group_2258	0	1	0	0	1	1	1	1	1
group_2259	0	1	0	0	1	1	1	1	1
spoU1	0	1	0	0	1	1	1	1	1
cspR_1	0	1	0	0	1	1	1	1	1
cspR_2	0	1	0	0	1	1	1	1	1
group_2263	0	1	0	0	1	1	1	1	1
rplK	0	1	0	0	1	1	1	1	1
rplA	0	1	0	0	1	1	1	1	1
group_2266	0	1	0	0	1	1	1	1	1
group_2267	0	1	0	0	1	1	1	1	1
group_2268	0	1	0	0	1	1	1	1	1
group_2269	0	1	0	0	1	1	1	1	1
group_2271	0	1	0	0	1	1	1	1	1
prfA1	0	1	0	0	1	1	1	1	1
group_2273	0	1	0	0	1	1	1	1	1
acpP	0	1	0	0	1	1	1	1	1
group_2275	0	1	0	0	1	1	1	1	1
arc1	0	1	0	0	1	1	1	1	1
tyrS_1	0	1	0	0	1	1	1	1	1
tyrS_3	0	1	0	0	1	1	1	1	1
group_2279	0	1	0	0	1	1	1	1	1
topA_1	0	1	0	0	1	1	1	1	1
topA_2	0	1	0	0	1	1	1	1	1
topA_3	0	1	0	0	1	1	1	1	1
rpsF	0	1	0	0	1	1	1	1	1
group_2284	0	1	0	0	1	1	1	1	1
group_2285	0	1	0	0	1	1	1	1	1
group_2286	0	1	0	0	1	1	1	1	1
group_2287	0	1	0	0	1	1	1	1	1
thiI	0	1	0	0	1	1	1	1	1
group_2289	0	1	0	0	1	1	1	1	1
group_2290	0	1	0	0	1	1	1	1	1
group_2291	0	1	0	0	1	1	1	1	1
group_2292	0	1	0	0	1	1	1	1	1
MCYN0061	0	1	0	0	1	1	1	1	1
ftsY_1	0	1	0	0	1	1	1	1	1
ftsY_2	0	1	0	0	1	1	1	1	1
metK_1	0	1	0	0	1	1	1	1	1
metK_2	0	1	0	0	1	1	1	1	1
efp	0	1	0	0	1	1	1	1	1
group_2300	0	1	0	0	1	1	1	1	1
smc_1	0	1	0	0	1	1	1	1	1
smc_2	0	1	0	0	1	1	1	1	1
group_2303	0	1	0	0	1	1	1	1	1
smf2	0	1	0	0	1	1	1	1	1
group_2305	0	1	0	0	1	1	1	1	1
group_2306	0	1	0	0	1	1	1	1	1
group_2307	0	1	0	0	1	1	1	1	1
group_2308	0	1	0	0	1	1	1	1	1
grpE	0	1	0	0	1	1	1	1	1
hrcA_1	0	1	0	0	1	1	1	1	1
hrcA_2	0	1	0	0	1	1	1	1	1
rpmE	0	1	0	0	1	1	1	1	1
rpsD	0	1	0	0	1	1	1	1	1
group_2314	0	1	0	0	1	1	1	1	1
group_2315	0	1	0	0	1	1	1	1	1
gyrA1	0	1	0	0	1	1	1	1	1
gltX_1	0	1	0	0	1	1	1	1	1
gluS_1	0	1	0	0	1	1	1	1	1
gluS_2	0	1	0	0	1	1	1	1	1
group_2320	0	1	0	0	1	1	1	1	1
cbiQ_2	0	1	0	0	1	1	1	1	1
group_2322	0	1	0	0	1	1	1	1	1
hlyB_2	0	1	0	0	1	1	1	1	1
hlyB_3	0	1	0	0	1	1	1	1	1
group_2341	0	1	0	0	1	1	1	1	1
ppkA	0	1	0	0	1	1	1	1	1
group_2350	0	1	0	0	1	1	1	1	1
group_2371	0	1	0	0	1	1	1	1	1
rpoC_4	0	1	0	0	1	1	1	1	1
hsdS_7	0	1	0	0	1	1	1	1	1
hsdS7	0	1	0	0	1	1	1	1	1
gyrB2_2	0	1	0	0	1	1	1	1	1
group_38	0	1	0	0	1	1	1	1	1
rpsG_1	0	1	0	0	1	1	1	1	1
rplP_1	0	1	0	0	1	1	1	1	1
group_72	0	1	0	0	1	1	1	1	1
vanUG	0	1	0	0	1	1	1	1	1
group_74	0	1	0	0	1	1	1	1	1
group_75	0	1	0	0	1	1	1	1	1
ruvB	0	1	0	0	1	1	1	1	1
potB_1	0	1	0	0	1	1	1	1	1
dgk	0	1	0	0	1	1	1	1	1
group_79	0	1	0	0	1	1	1	1	1
ychF	0	1	0	0	1	1	1	1	1
atpB_2	0	1	0	0	1	1	1	1	1
group_82	0	1	0	0	1	1	1	1	1
group_83	0	1	0	0	1	1	1	1	1
sua5	0	1	0	0	1	1	1	1	1
group_85	0	1	0	0	1	1	1	1	1
group_100	1	0	1	1	0	1	0	1	0
group_1000	1	0	1	1	0	1	0	1	0
group_1001	1	0	1	1	0	1	0	1	0
group_1002	1	0	1	1	0	1	0	1	0
group_1003	1	0	1	1	0	1	0	1	0
tet(44)	1	0	1	1	0	1	0	1	0
nusA_3	1	0	1	1	0	1	0	1	0
group_1006	1	0	1	1	0	1	0	1	0
group_1007	1	0	1	1	0	1	0	1	0
group_1008	1	0	1	1	0	1	0	1	0
group_1009	1	0	1	1	0	1	0	1	0
group_101	1	0	1	1	0	1	0	1	0
group_1010	1	0	1	1	0	1	0	1	0
group_1011	1	0	1	1	0	1	0	1	0
group_1012	1	0	1	1	0	1	0	1	0
group_1013	1	0	1	1	0	1	0	1	0
group_1014	1	0	1	1	0	1	0	1	0
group_1015	1	0	1	1	0	1	0	1	0
group_1016	1	0	1	1	0	1	0	1	0
group_1017	1	0	1	1	0	1	0	1	0
group_1018	1	0	1	1	0	1	0	1	0
trmD	1	0	1	1	0	1	0	1	0
group_102	1	0	1	1	0	1	0	1	0
group_1020	1	0	1	1	0	1	0	1	0
group_1021	1	0	1	1	0	1	0	1	0
group_1022	1	0	1	1	0	1	0	1	0
group_1023	1	0	1	1	0	1	0	1	0
group_1024	1	0	1	1	0	1	0	1	0
group_1025	1	0	1	1	0	1	0	1	0
group_1026	1	0	1	1	0	1	0	1	0
group_1027	1	0	1	1	0	1	0	1	0
group_1028	1	0	1	1	0	1	0	1	0
gatB_2	1	0	1	1	0	1	0	1	0
group_103	1	0	1	1	0	1	0	1	0
gatB_1	1	0	1	1	0	1	0	1	0
group_1031	1	0	1	1	0	1	0	1	0
group_1032	1	0	1	1	0	1	0	1	0
group_1033	1	0	1	1	0	1	0	1	0
group_1034	1	0	1	1	0	1	0	1	0
MCYN0028	1	0	1	1	0	1	0	1	0
frr	1	0	1	1	0	1	0	1	0
rplO_3	1	0	1	1	0	1	0	1	0
rplO_2	1	0	1	1	0	1	0	1	0
group_1039	1	0	1	1	0	1	0	1	0
group_104	1	0	1	1	0	1	0	1	0
group_1040	1	0	1	1	0	1	0	1	0
group_1041	1	0	1	1	0	1	0	1	0
group_1042	1	0	1	1	0	1	0	1	0
group_1043	1	0	1	1	0	1	0	1	0
group_1044	1	0	1	1	0	1	0	1	0
group_1045	1	0	1	1	0	1	0	1	0
group_1046	1	0	1	1	0	1	0	1	0
group_1047	1	0	1	1	0	1	0	1	0
group_1048	1	0	1	1	0	1	0	1	0
group_1049	1	0	1	1	0	1	0	1	0
group_105	1	0	1	1	0	1	0	1	0
group_1050	1	0	1	1	0	1	0	1	0
group_1051	1	0	1	1	0	1	0	1	0
group_1052	1	0	1	1	0	1	0	1	0
group_1053	1	0	1	1	0	1	0	1	0
group_1054	1	0	1	1	0	1	0	1	0
group_1055	1	0	1	1	0	1	0	1	0
group_1056	1	0	1	1	0	1	0	1	0
group_1057	1	0	1	1	0	1	0	1	0
group_1058	1	0	1	1	0	1	0	1	0
group_1059	1	0	1	1	0	1	0	1	0
group_106	1	0	1	1	0	1	0	1	0
ebh_12	1	0	1	1	0	1	0	1	0
group_1061	1	0	1	1	0	1	0	1	0
group_1062	1	0	1	1	0	1	0	1	0
group_1063	1	0	1	1	0	1	0	1	0
group_1064	1	0	1	1	0	1	0	1	0
group_1065	1	0	1	1	0	1	0	1	0
group_1066	1	0	1	1	0	1	0	1	0
group_1067	1	0	1	1	0	1	0	1	0
group_1068	1	0	1	1	0	1	0	1	0
group_1069	1	0	1	1	0	1	0	1	0
group_107	1	0	1	1	0	1	0	1	0
group_1070	1	0	1	1	0	1	0	1	0
group_1071	1	0	1	1	0	1	0	1	0
group_1072	1	0	1	1	0	1	0	1	0
group_1073	1	0	1	1	0	1	0	1	0
group_1074	1	0	1	1	0	1	0	1	0
group_1075	1	0	1	1	0	1	0	1	0
group_1076	1	0	1	1	0	1	0	1	0
ebh_5	1	0	1	1	0	1	0	1	0
group_1078	1	0	1	1	0	1	0	1	0
group_108	1	0	1	1	0	1	0	1	0
group_1080	1	0	1	1	0	1	0	1	0
group_1081	1	0	1	1	0	1	0	1	0
group_1082	1	0	1	1	0	1	0	1	0
group_1083	1	0	1	1	0	1	0	1	0
group_1084	1	0	1	1	0	1	0	1	0
group_1085	1	0	1	1	0	1	0	1	0
group_1086	1	0	1	1	0	1	0	1	0
group_1087	1	0	1	1	0	1	0	1	0
group_1088	1	0	1	1	0	1	0	1	0
group_1089	1	0	1	1	0	1	0	1	0
group_109	1	0	1	1	0	1	0	1	0
group_1090	1	0	1	1	0	1	0	1	0
group_1091	1	0	1	1	0	1	0	1	0
group_1092	1	0	1	1	0	1	0	1	0
group_1093	1	0	1	1	0	1	0	1	0
group_1094	1	0	1	1	0	1	0	1	0
group_1095	1	0	1	1	0	1	0	1	0
group_1096	1	0	1	1	0	1	0	1	0
group_1097	1	0	1	1	0	1	0	1	0
group_1098	1	0	1	1	0	1	0	1	0
group_1099	1	0	1	1	0	1	0	1	0
group_110	1	0	1	1	0	1	0	1	0
group_1100	1	0	1	1	0	1	0	1	0
group_1101	1	0	1	1	0	1	0	1	0
group_1102	1	0	1	1	0	1	0	1	0
group_1103	1	0	1	1	0	1	0	1	0
group_1104	1	0	1	1	0	1	0	1	0
group_1105	1	0	1	1	0	1	0	1	0
group_1106	1	0	1	1	0	1	0	1	0
group_1107	1	0	1	1	0	1	0	1	0
manB_5	1	0	1	1	0	1	0	1	0
group_111	1	0	1	1	0	1	0	1	0
manB_4	1	0	1	1	0	1	0	1	0
manB_3	1	0	1	1	0	1	0	1	0
group_1112	1	0	1	1	0	1	0	1	0
group_1113	1	0	1	1	0	1	0	1	0
group_1114	1	0	1	1	0	1	0	1	0
group_1115	1	0	1	1	0	1	0	1	0
group_1116	1	0	1	1	0	1	0	1	0
group_1117	1	0	1	1	0	1	0	1	0
group_1118	1	0	1	1	0	1	0	1	0
group_1119	1	0	1	1	0	1	0	1	0
group_112	1	0	1	1	0	1	0	1	0
group_1120	1	0	1	1	0	1	0	1	0
group_1121	1	0	1	1	0	1	0	1	0
group_1122	1	0	1	1	0	1	0	1	0
group_1124	1	0	1	1	0	1	0	1	0
group_1125	1	0	1	1	0	1	0	1	0
group_1126	1	0	1	1	0	1	0	1	0
vscN	1	0	1	1	0	1	0	1	0
group_1128	1	0	1	1	0	1	0	1	0
group_1129	1	0	1	1	0	1	0	1	0
group_113	1	0	1	1	0	1	0	1	0
group_1130	1	0	1	1	0	1	0	1	0
group_1131	1	0	1	1	0	1	0	1	0
group_1132	1	0	1	1	0	1	0	1	0
group_1133	1	0	1	1	0	1	0	1	0
group_1134	1	0	1	1	0	1	0	1	0
atpC_2	1	0	1	1	0	1	0	1	0
group_1136	1	0	1	1	0	1	0	1	0
group_1137	1	0	1	1	0	1	0	1	0
group_1138	1	0	1	1	0	1	0	1	0
tsf_1	1	0	1	1	0	1	0	1	0
group_114	1	0	1	1	0	1	0	1	0
group_1140	1	0	1	1	0	1	0	1	0
ftsZ	1	0	1	1	0	1	0	1	0
group_1142	1	0	1	1	0	1	0	1	0
group_1143	1	0	1	1	0	1	0	1	0
group_1144	1	0	1	1	0	1	0	1	0
mraZ	1	0	1	1	0	1	0	1	0
group_1146	1	0	1	1	0	1	0	1	0
ktrB_2	1	0	1	1	0	1	0	1	0
group_1148	1	0	1	1	0	1	0	1	0
group_1149	1	0	1	1	0	1	0	1	0
mesJ_2	1	0	1	1	0	1	0	1	0
pncB_2	1	0	1	1	0	1	0	1	0
group_1151	1	0	1	1	0	1	0	1	0
group_1152	1	0	1	1	0	1	0	1	0
group_1153	1	0	1	1	0	1	0	1	0
group_1154	1	0	1	1	0	1	0	1	0
group_1155	1	0	1	1	0	1	0	1	0
group_1156	1	0	1	1	0	1	0	1	0
licA_3	1	0	1	1	0	1	0	1	0
group_1158	1	0	1	1	0	1	0	1	0
mgtB_9	1	0	1	1	0	1	0	1	0
mesJ_1	1	0	1	1	0	1	0	1	0
group_1160	1	0	1	1	0	1	0	1	0
group_1162	1	0	1	1	0	1	0	1	0
group_1163	1	0	1	1	0	1	0	1	0
pepC_4	1	0	1	1	0	1	0	1	0
pepC_3	1	0	1	1	0	1	0	1	0
group_1166	1	0	1	1	0	1	0	1	0
group_1167	1	0	1	1	0	1	0	1	0
group_1168	1	0	1	1	0	1	0	1	0
group_1169	1	0	1	1	0	1	0	1	0
pth_2	1	0	1	1	0	1	0	1	0
group_1170	1	0	1	1	0	1	0	1	0
group_1171	1	0	1	1	0	1	0	1	0
group_1172	1	0	1	1	0	1	0	1	0
asnS_3	1	0	1	1	0	1	0	1	0
group_1174	1	0	1	1	0	1	0	1	0
group_1175	1	0	1	1	0	1	0	1	0
pcrA_4	1	0	1	1	0	1	0	1	0
group_1177	1	0	1	1	0	1	0	1	0
group_1178	1	0	1	1	0	1	0	1	0
group_1179	1	0	1	1	0	1	0	1	0
pth_1	1	0	1	1	0	1	0	1	0
group_1180	1	0	1	1	0	1	0	1	0
group_1181	1	0	1	1	0	1	0	1	0
group_1182	1	0	1	1	0	1	0	1	0
group_1183	1	0	1	1	0	1	0	1	0
group_1185	1	0	1	1	0	1	0	1	0
group_1186	1	0	1	1	0	1	0	1	0
group_1187	1	0	1	1	0	1	0	1	0
group_1188	1	0	1	1	0	1	0	1	0
group_1189	1	0	1	1	0	1	0	1	0
recD2	1	0	1	1	0	1	0	1	0
group_1190	1	0	1	1	0	1	0	1	0
group_1191	1	0	1	1	0	1	0	1	0
group_1192	1	0	1	1	0	1	0	1	0
group_1193	1	0	1	1	0	1	0	1	0
group_1194	1	0	1	1	0	1	0	1	0
group_1195	1	0	1	1	0	1	0	1	0
phnB	1	0	1	1	0	1	0	1	0
group_1197	1	0	1	1	0	1	0	1	0
group_1198	1	0	1	1	0	1	0	1	0
tagT	1	0	1	1	0	1	0	1	0
recD	1	0	1	1	0	1	0	1	0
patA_3	1	0	1	1	0	1	0	1	0
group_1201	1	0	1	1	0	1	0	1	0
group_1202	1	0	1	1	0	1	0	1	0
group_1203	1	0	1	1	0	1	0	1	0
MCYN0094	1	0	1	1	0	1	0	1	0
group_1205	1	0	1	1	0	1	0	1	0
sufS	1	0	1	1	0	1	0	1	0
group_1207	1	0	1	1	0	1	0	1	0
group_1208	1	0	1	1	0	1	0	1	0
group_1209	1	0	1	1	0	1	0	1	0
dnaA_2	1	0	1	1	0	1	0	1	0
group_1210	1	0	1	1	0	1	0	1	0
nadD_1	1	0	1	1	0	1	0	1	0
nadD_2	1	0	1	1	0	1	0	1	0
nadD_3	1	0	1	1	0	1	0	1	0
group_1214	1	0	1	1	0	1	0	1	0
group_1215	1	0	1	1	0	1	0	1	0
group_1216	1	0	1	1	0	1	0	1	0
group_1217	1	0	1	1	0	1	0	1	0
group_1218	1	0	1	1	0	1	0	1	0
group_1219	1	0	1	1	0	1	0	1	0
dnaA_1	1	0	1	1	0	1	0	1	0
tnpIS1634am_1	1	0	1	1	0	1	0	1	0
group_1221	1	0	1	1	0	1	0	1	0
group_1222	1	0	1	1	0	1	0	1	0
deoB_4	1	0	1	1	0	1	0	1	0
group_1224	1	0	1	1	0	1	0	1	0
group_1225	1	0	1	1	0	1	0	1	0
group_1226	1	0	1	1	0	1	0	1	0
group_1227	1	0	1	1	0	1	0	1	0
group_1228	1	0	1	1	0	1	0	1	0
group_1229	1	0	1	1	0	1	0	1	0
group_123	1	0	1	1	0	1	0	1	0
group_1230	1	0	1	1	0	1	0	1	0
plsX	1	0	1	1	0	1	0	1	0
MCYN0794	1	0	1	1	0	1	0	1	0
rnc_2	1	0	1	1	0	1	0	1	0
group_1234	1	0	1	1	0	1	0	1	0
group_1235	1	0	1	1	0	1	0	1	0
smc_3	1	0	1	1	0	1	0	1	0
group_1237	1	0	1	1	0	1	0	1	0
group_1238	1	0	1	1	0	1	0	1	0
group_1239	1	0	1	1	0	1	0	1	0
group_124	1	0	1	1	0	1	0	1	0
group_1240	1	0	1	1	0	1	0	1	0
group_1241	1	0	1	1	0	1	0	1	0
group_1242	1	0	1	1	0	1	0	1	0
group_1243	1	0	1	1	0	1	0	1	0
group_1244	1	0	1	1	0	1	0	1	0
group_1245	1	0	1	1	0	1	0	1	0
upp	1	0	1	1	0	1	0	1	0
group_1247	1	0	1	1	0	1	0	1	0
group_1248	1	0	1	1	0	1	0	1	0
group_1249	1	0	1	1	0	1	0	1	0
lplA1_2	1	0	1	1	0	1	0	1	0
thrS_4	1	0	1	1	0	1	0	1	0
group_1251	1	0	1	1	0	1	0	1	0
group_1252	1	0	1	1	0	1	0	1	0
ackA_3	1	0	1	1	0	1	0	1	0
ackA_4	1	0	1	1	0	1	0	1	0
group_1255	1	0	1	1	0	1	0	1	0
group_1256	1	0	1	1	0	1	0	1	0
group_1257	1	0	1	1	0	1	0	1	0
MCYN0407	1	0	1	1	0	1	0	1	0
group_1259	1	0	1	1	0	1	0	1	0
lplA1_1	1	0	1	1	0	1	0	1	0
group_1260	1	0	1	1	0	1	0	1	0
group_1261	1	0	1	1	0	1	0	1	0
aldH_1	1	0	1	1	0	1	0	1	0
aldH_2	1	0	1	1	0	1	0	1	0
aldH_3	1	0	1	1	0	1	0	1	0
group_1265	1	0	1	1	0	1	0	1	0
group_1266	1	0	1	1	0	1	0	1	0
group_1267	1	0	1	1	0	1	0	1	0
group_1268	1	0	1	1	0	1	0	1	0
group_1269	1	0	1	1	0	1	0	1	0
group_127	1	0	1	1	0	1	0	1	0
group_1270	1	0	1	1	0	1	0	1	0
group_1271	1	0	1	1	0	1	0	1	0
group_1272	1	0	1	1	0	1	0	1	0
pfk_1	1	0	1	1	0	1	0	1	0
pfk_2	1	0	1	1	0	1	0	1	0
pfk_3	1	0	1	1	0	1	0	1	0
group_1276	1	0	1	1	0	1	0	1	0
group_1277	1	0	1	1	0	1	0	1	0
group_1278	1	0	1	1	0	1	0	1	0
group_1279	1	0	1	1	0	1	0	1	0
group_128	1	0	1	1	0	1	0	1	0
group_1280	1	0	1	1	0	1	0	1	0
group_1281	1	0	1	1	0	1	0	1	0
group_1282	1	0	1	1	0	1	0	1	0
group_1283	1	0	1	1	0	1	0	1	0
group_1284	1	0	1	1	0	1	0	1	0
group_1285	1	0	1	1	0	1	0	1	0
group_1286	1	0	1	1	0	1	0	1	0
group_1287	1	0	1	1	0	1	0	1	0
group_1288	1	0	1	1	0	1	0	1	0
group_1289	1	0	1	1	0	1	0	1	0
group_129	1	0	1	1	0	1	0	1	0
group_1290	1	0	1	1	0	1	0	1	0
group_1291	1	0	1	1	0	1	0	1	0
group_1292	1	0	1	1	0	1	0	1	0
licC	1	0	1	1	0	1	0	1	0
group_1294	1	0	1	1	0	1	0	1	0
group_1295	1	0	1	1	0	1	0	1	0
group_1296	1	0	1	1	0	1	0	1	0
group_1297	1	0	1	1	0	1	0	1	0
group_1298	1	0	1	1	0	1	0	1	0
group_1299	1	0	1	1	0	1	0	1	0
group_13	0	1	0	0	1	1	1	0	1
asnA_3	1	0	1	1	0	1	0	1	0
group_1300	1	0	1	1	0	1	0	1	0
group_1301	1	0	1	1	0	1	0	1	0
group_1302	1	0	1	1	0	1	0	1	0
group_1303	1	0	1	1	0	1	0	1	0
group_1304	1	0	1	1	0	1	0	1	0
dgk2_1	1	0	1	1	0	1	0	1	0
dgk2_2	1	0	1	1	0	1	0	1	0
group_1307	1	0	1	1	0	1	0	1	0
group_1308	1	0	1	1	0	1	0	1	0
group_1309	1	0	1	1	0	1	0	1	0
group_131	1	0	1	1	0	1	0	1	0
cbiQ_1	1	0	1	1	0	1	0	1	0
cbiQ_3	1	0	1	1	0	1	0	1	0
group_1312	1	0	1	1	0	1	0	1	0
group_1313	1	0	1	1	0	1	0	1	0
group_1314	1	0	1	1	0	1	0	1	0
group_1315	1	0	1	1	0	1	0	1	0
group_1316	1	0	1	1	0	1	0	1	0
group_1317	1	0	1	1	0	1	0	1	0
group_1318	1	0	1	1	0	1	0	1	0
group_1319	1	0	1	1	0	1	0	1	0
group_132	1	0	1	1	0	1	0	1	0
uvrC_1	1	0	1	1	0	1	0	1	0
uvrC_2	1	0	1	1	0	1	0	1	0
group_1322	1	0	1	1	0	1	0	1	0
group_1323	1	0	1	1	0	1	0	1	0
group_1324	1	0	1	1	0	1	0	1	0
group_1325	1	0	1	1	0	1	0	1	0
group_1326	1	0	1	1	0	1	0	1	0
group_1327	1	0	1	1	0	1	0	1	0
group_1328	1	0	1	1	0	1	0	1	0
group_1329	1	0	1	1	0	1	0	1	0
yidC_2	1	0	1	1	0	1	0	1	0
group_1330	1	0	1	1	0	1	0	1	0
group_1331	1	0	1	1	0	1	0	1	0
group_1332	1	0	1	1	0	1	0	1	0
group_1333	1	0	1	1	0	1	0	1	0
ugpA	1	0	1	1	0	1	0	1	0
group_1335	1	0	1	1	0	1	0	1	0
group_1336	1	0	1	1	0	1	0	1	0
group_1337	1	0	1	1	0	1	0	1	0
group_1338	1	0	1	1	0	1	0	1	0
group_1339	1	0	1	1	0	1	0	1	0
group_134	1	0	1	1	0	1	0	1	0
group_1340	1	0	1	1	0	1	0	1	0
group_1341	1	0	1	1	0	1	0	1	0
group_1342	1	0	1	1	0	1	0	1	0
group_1343	1	0	1	1	0	1	0	1	0
group_1344	1	0	1	1	0	1	0	1	0
group_1345	1	0	1	1	0	1	0	1	0
group_1346	1	0	1	1	0	1	0	1	0
group_1347	1	0	1	1	0	1	0	1	0
group_1348	1	0	1	1	0	1	0	1	0
group_1349	1	0	1	1	0	1	0	1	0
group_135	1	0	1	1	0	1	0	1	0
group_1350	1	0	1	1	0	1	0	1	0
group_1351	1	0	1	1	0	1	0	1	0
group_1352	1	0	1	1	0	1	0	1	0
group_1353	1	0	1	1	0	1	0	1	0
group_1354	1	0	1	1	0	1	0	1	0
group_1355	1	0	1	1	0	1	0	1	0
group_1356	1	0	1	1	0	1	0	1	0
group_1357	1	0	1	1	0	1	0	1	0
ebh_8	1	0	1	1	0	1	0	1	0
group_1359	1	0	1	1	0	1	0	1	0
group_136	1	0	1	1	0	1	0	1	0
group_1360	1	0	1	1	0	1	0	1	0
group_1361	1	0	1	1	0	1	0	1	0
group_1362	1	0	1	1	0	1	0	1	0
group_1363	1	0	1	1	0	1	0	1	0
group_1364	1	0	1	1	0	1	0	1	0
group_1365	1	0	1	1	0	1	0	1	0
group_1366	1	0	1	1	0	1	0	1	0
group_1367	1	0	1	1	0	1	0	1	0
group_1368	1	0	1	1	0	1	0	1	0
group_1369	1	0	1	1	0	1	0	1	0
rnpA	1	0	1	1	0	1	0	1	0
group_1370	1	0	1	1	0	1	0	1	0
MCYN0347	1	0	1	1	0	1	0	1	0
group_1372	1	0	1	1	0	1	0	1	0
group_1373	1	0	1	1	0	1	0	1	0
group_138	1	0	1	1	0	1	0	1	0
group_1386	0	1	0	0	1	1	1	0	1
group_139	1	0	1	1	0	1	0	1	0
group_14	1	0	1	1	0	1	0	1	0
group_140	1	0	1	1	0	1	0	1	0
group_141	1	0	1	1	0	1	0	1	0
group_142	1	0	1	1	0	1	0	1	0
group_143	1	0	1	1	0	1	0	1	0
spoU2	1	0	1	1	0	1	0	1	0
cysS_2	1	0	1	1	0	1	0	1	0
group_146	1	0	1	1	0	1	0	1	0
nox_2	1	0	1	1	0	1	0	1	0
nox_1	1	0	1	1	0	1	0	1	0
group_149	1	0	1	1	0	1	0	1	0
hsdR1_2	0	1	0	0	1	0	1	1	1
hsdS7_2	1	0	1	1	0	1	0	1	0
group_150	1	0	1	1	0	1	0	1	0
group_151	1	0	1	1	0	1	0	1	0
group_152	1	0	1	1	0	1	0	1	0
group_153	1	0	1	1	0	1	0	1	0
group_154	1	0	1	1	0	1	0	1	0
group_155	1	0	1	1	0	1	0	1	0
group_156	1	0	1	1	0	1	0	1	0
group_157	1	0	1	1	0	1	0	1	0
group_158	1	0	1	1	0	1	0	1	0
bcrA	1	0	1	1	0	1	0	1	0
fbpC_1	1	0	1	1	0	1	0	1	0
MCYN0127	1	0	1	1	0	1	0	1	0
group_162	1	0	1	1	0	1	0	1	0
group_163	1	0	1	1	0	1	0	1	0
group_164	1	0	1	1	0	1	0	1	0
group_165	1	0	1	1	0	1	0	1	0
group_166	1	0	1	1	0	1	0	1	0
group_167	1	0	1	1	0	1	0	1	0
group_168	1	0	1	1	0	1	0	1	0
group_169	1	0	1	1	0	1	0	1	0
group_1694	0	1	0	0	1	0	1	1	1
group_170	1	0	1	1	0	1	0	1	0
group_171	1	0	1	1	0	1	0	1	0
group_172	1	0	1	1	0	1	0	1	0
group_173	1	0	1	1	0	1	0	1	0
group_174	1	0	1	1	0	1	0	1	0
lgt_1	1	0	1	1	0	1	0	1	0
trxB_3	1	0	1	1	0	1	0	1	0
group_177	1	0	1	1	0	1	0	1	0
group_178	1	0	1	1	0	1	0	1	0
group_179	1	0	1	1	0	1	0	1	0
group_180	1	0	1	1	0	1	0	1	0
group_181	1	0	1	1	0	1	0	1	0
group_182	1	0	1	1	0	1	0	1	0
group_183	1	0	1	1	0	1	0	1	0
group_184	1	0	1	1	0	1	0	1	0
group_185	1	0	1	1	0	1	0	1	0
group_186	1	0	1	1	0	1	0	1	0
hsdR_3	1	0	1	1	0	1	0	1	0
hsdR_4	1	0	1	1	0	1	0	1	0
hsdR_5	1	0	1	1	0	1	0	1	0
group_190	1	0	1	1	0	1	0	1	0
group_191	1	0	1	1	0	1	0	1	0
group_192	1	0	1	1	0	1	0	1	0
group_193	1	0	1	1	0	1	0	1	0
group_194	1	0	1	1	0	1	0	1	0
group_195	1	0	1	1	0	1	0	1	0
group_196	1	0	1	1	0	1	0	1	0
group_197	1	0	1	1	0	1	0	1	0
group_198	1	0	1	1	0	1	0	1	0
alr_1	1	0	1	1	0	1	0	1	0
alr_2	1	0	1	1	0	1	0	1	0
group_201	1	0	1	1	0	1	0	1	0
group_202	1	0	1	1	0	1	0	1	0
tetT	1	0	1	1	0	1	0	1	0
tet36	1	0	1	1	0	1	0	1	0
group_205	1	0	1	1	0	1	0	1	0
group_206	1	0	1	1	0	1	0	1	0
group_207	1	0	1	1	0	1	0	1	0
group_208	1	0	1	1	0	1	0	1	0
group_209	1	0	1	1	0	1	0	1	0
group_21	1	0	1	1	0	1	0	1	0
group_210	1	0	1	1	0	1	0	1	0
group_2103	0	1	0	0	1	0	1	1	1
group_211	1	0	1	1	0	1	0	1	0
group_212	1	0	1	1	0	1	0	1	0
MCYN0148	1	0	1	1	0	1	0	1	0
kfoC	1	0	1	1	0	1	0	1	0
group_215	1	0	1	1	0	1	0	1	0
group_216	1	0	1	1	0	1	0	1	0
group_217	1	0	1	1	0	1	0	1	0
gluS	1	0	1	1	0	1	0	1	0
MCYN0169	1	0	1	1	0	1	0	1	0
gltX	1	0	1	1	0	1	0	1	0
gyrA1_2	1	0	1	1	0	1	0	1	0
group_222	1	0	1	1	0	1	0	1	0
group_223	1	0	1	1	0	1	0	1	0
group_224	1	0	1	1	0	1	0	1	0
group_225	1	0	1	1	0	1	0	1	0
group_226	1	0	1	1	0	1	0	1	0
group_227	1	0	1	1	0	1	0	1	0
group_228	1	0	1	1	0	1	0	1	0
group_229	1	0	1	1	0	1	0	1	0
group_2293	0	1	0	0	1	1	1	1	0
group_23	1	0	1	1	0	1	0	1	0
group_230	1	0	1	1	0	1	0	1	0
group_231	1	0	1	1	0	1	0	1	0
group_232	1	0	1	1	0	1	0	1	0
group_2329	1	0	1	1	0	1	0	1	0
group_233	1	0	1	1	0	1	0	1	0
group_234	1	0	1	1	0	1	0	1	0
group_2343	1	0	1	1	0	1	0	1	0
group_2345	1	0	1	1	0	1	0	1	0
group_2346	1	0	1	1	0	1	0	1	0
group_235	1	0	1	1	0	1	0	1	0
group_2359	1	0	1	1	0	1	0	1	0
group_236	1	0	1	1	0	1	0	1	0
group_2361	1	0	1	1	0	1	0	1	0
group_2364	1	0	1	1	0	1	0	1	0
pyk_2	1	0	1	1	0	1	0	1	0
pyk_3	1	0	1	1	0	1	0	1	0
pepO_7	1	0	1	1	0	1	0	1	0
pepO_6	1	0	1	1	0	1	0	1	0
group_2369	1	0	1	1	0	1	0	1	0
group_237	1	0	1	1	0	1	0	1	0
pepO_8	1	0	1	1	0	1	0	1	0
tetB(P)_1	1	0	1	1	0	1	0	1	0
group_238	1	0	1	1	0	1	0	1	0
group_239	1	0	1	1	0	1	0	1	0
lemA_2	1	0	1	1	0	1	0	1	0
group_241	1	0	1	1	0	1	0	1	0
group_242	1	0	1	1	0	1	0	1	0
group_243	1	0	1	1	0	1	0	1	0
group_244	1	0	1	1	0	1	0	1	0
group_245	1	0	1	1	0	1	0	1	0
group_246	1	0	1	1	0	1	0	1	0
group_247	1	0	1	1	0	1	0	1	0
secA_3	1	0	1	1	0	1	0	1	0
MCYN0305	1	0	1	1	0	1	0	1	0
group_25	1	0	1	1	0	1	0	1	0
group_250	1	0	1	1	0	1	0	1	0
group_251	1	0	1	1	0	1	0	1	0
group_252	1	0	1	1	0	1	0	1	0
group_253	1	0	1	1	0	1	0	1	0
group_254	1	0	1	1	0	1	0	1	0
group_255	1	0	1	1	0	1	0	1	0
group_256	1	0	1	1	0	1	0	1	0
group_257	1	0	1	1	0	1	0	1	0
group_258	1	0	1	1	0	1	0	1	0
group_259	1	0	1	1	0	1	0	1	0
group_260	1	0	1	1	0	1	0	1	0
group_261	1	0	1	1	0	1	0	1	0
group_262	1	0	1	1	0	1	0	1	0
group_263	1	0	1	1	0	1	0	1	0
group_264	1	0	1	1	0	1	0	1	0
group_265	1	0	1	1	0	1	0	1	0
group_266	1	0	1	1	0	1	0	1	0
MCYN0055	1	0	1	1	0	1	0	1	0
group_268	1	0	1	1	0	1	0	1	0
group_269	1	0	1	1	0	1	0	1	0
group_27	1	0	1	1	0	1	0	1	0
group_270	1	0	1	1	0	1	0	1	0
group_271	1	0	1	1	0	1	0	1	0
group_272	1	0	1	1	0	1	0	1	0
group_273	1	0	1	1	0	1	0	1	0
group_274	1	0	1	1	0	1	0	1	0
group_275	1	0	1	1	0	1	0	1	0
group_276	1	0	1	1	0	1	0	1	0
pepF_1	1	0	1	1	0	1	0	1	0
pepF_2	1	0	1	1	0	1	0	1	0
pepF_3	1	0	1	1	0	1	0	1	0
pepF_4	1	0	1	1	0	1	0	1	0
group_281	1	0	1	1	0	1	0	1	0
group_282	1	0	1	1	0	1	0	1	0
group_283	1	0	1	1	0	1	0	1	0
group_284	1	0	1	1	0	1	0	1	0
group_285	1	0	1	1	0	1	0	1	0
pdhD_1	1	0	1	1	0	1	0	1	0
pdhD_3	1	0	1	1	0	1	0	1	0
group_288	1	0	1	1	0	1	0	1	0
group_289	1	0	1	1	0	1	0	1	0
group_29	1	0	1	1	0	1	0	1	0
group_290	1	0	1	1	0	1	0	1	0
group_291	1	0	1	1	0	1	0	1	0
group_292	1	0	1	1	0	1	0	1	0
group_293	1	0	1	1	0	1	0	1	0
group_294	1	0	1	1	0	1	0	1	0
group_295	1	0	1	1	0	1	0	1	0
group_296	1	0	1	1	0	1	0	1	0
group_297	1	0	1	1	0	1	0	1	0
group_298	1	0	1	1	0	1	0	1	0
group_299	1	0	1	1	0	1	0	1	0
group_300	1	0	1	1	0	1	0	1	0
eno_1	1	0	1	1	0	1	0	1	0
eno_2	1	0	1	1	0	1	0	1	0
group_303	1	0	1	1	0	1	0	1	0
group_304	1	0	1	1	0	1	0	1	0
group_305	1	0	1	1	0	1	0	1	0
group_306	1	0	1	1	0	1	0	1	0
group_307	1	0	1	1	0	1	0	1	0
group_308	1	0	1	1	0	1	0	1	0
group_309	1	0	1	1	0	1	0	1	0
group_310	1	0	1	1	0	1	0	1	0
group_311	1	0	1	1	0	1	0	1	0
group_312	1	0	1	1	0	1	0	1	0
group_313	1	0	1	1	0	1	0	1	0
group_314	1	0	1	1	0	1	0	1	0
group_315	1	0	1	1	0	1	0	1	0
group_316	1	0	1	1	0	1	0	1	0
group_317	1	0	1	1	0	1	0	1	0
group_318	1	0	1	1	0	1	0	1	0
group_319	1	0	1	1	0	1	0	1	0
group_320	1	0	1	1	0	1	0	1	0
group_321	1	0	1	1	0	1	0	1	0
group_322	1	0	1	1	0	1	0	1	0
tnpA-4	1	0	1	1	0	1	0	1	0
group_324	1	0	1	1	0	1	0	1	0
group_325	1	0	1	1	0	1	0	1	0
group_326	1	0	1	1	0	1	0	1	0
group_327	1	0	1	1	0	1	0	1	0
group_328	1	0	1	1	0	1	0	1	0
group_329	1	0	1	1	0	1	0	1	0
hsdS_1	0	1	0	0	1	1	1	0	1
group_330	1	0	1	1	0	1	0	1	0
group_331	1	0	1	1	0	1	0	1	0
potC_1	1	0	1	1	0	1	0	1	0
potC_2	1	0	1	1	0	1	0	1	0
group_334	1	0	1	1	0	1	0	1	0
group_335	1	0	1	1	0	1	0	1	0
group_336	1	0	1	1	0	1	0	1	0
group_337	1	0	1	1	0	1	0	1	0
hitC_1	1	0	1	1	0	1	0	1	0
chuV	1	0	1	1	0	1	0	1	0
hsdS_8	0	1	0	0	0	1	1	1	1
group_340	1	0	1	1	0	1	0	1	0
group_341	1	0	1	1	0	1	0	1	0
group_342	1	0	1	1	0	1	0	1	0
group_343	1	0	1	1	0	1	0	1	0
lepA	1	0	1	1	0	1	0	1	0
group_345	1	0	1	1	0	1	0	1	0
licA_2	1	0	1	1	0	1	0	1	0
group_347	1	0	1	1	0	1	0	1	0
group_348	1	0	1	1	0	1	0	1	0
group_349	1	0	1	1	0	1	0	1	0
group_350	1	0	1	1	0	1	0	1	0
group_351	1	0	1	1	0	1	0	1	0
group_352	1	0	1	1	0	1	0	1	0
group_353	1	0	1	1	0	1	0	1	0
group_354	1	0	1	1	0	1	0	1	0
group_355	1	0	1	1	0	1	0	1	0
group_356	1	0	1	1	0	1	0	1	0
group_357	1	0	1	1	0	1	0	1	0
group_358	1	0	1	1	0	1	0	1	0
group_359	1	0	1	1	0	1	0	1	0
group_360	1	0	1	1	0	1	0	1	0
group_361	1	0	1	1	0	1	0	1	0
group_362	1	0	1	1	0	1	0	1	0
group_363	1	0	1	1	0	1	0	1	0
group_364	1	0	1	1	0	1	0	1	0
hpaIIM	1	0	1	1	0	1	0	1	0
group_366	1	0	1	1	0	1	0	1	0
group_367	1	0	1	1	0	1	0	1	0
group_368	1	0	1	1	0	1	0	1	0
group_369	1	0	1	1	0	1	0	1	0
group_370	1	0	1	1	0	1	0	1	0
group_371	1	0	1	1	0	1	0	1	0
group_372	1	0	1	1	0	1	0	1	0
group_373	1	0	1	1	0	1	0	1	0
group_374	1	0	1	1	0	1	0	1	0
group_375	1	0	1	1	0	1	0	1	0
group_376	1	0	1	1	0	1	0	1	0
group_377	1	0	1	1	0	1	0	1	0
group_378	1	0	1	1	0	1	0	1	0
group_379	1	0	1	1	0	1	0	1	0
group_380	1	0	1	1	0	1	0	1	0
mgtA-2	1	0	1	1	0	1	0	1	0
group_382	1	0	1	1	0	1	0	1	0
mgtB_2	1	0	1	1	0	1	0	1	0
mgtB_1	1	0	1	1	0	1	0	1	0
group_385	1	0	1	1	0	1	0	1	0
group_386	1	0	1	1	0	1	0	1	0
group_387	1	0	1	1	0	1	0	1	0
group_388	1	0	1	1	0	1	0	1	0
rpoD_2	1	0	1	1	0	1	0	1	0
group_390	1	0	1	1	0	1	0	1	0
rpoD_1	1	0	1	1	0	1	0	1	0
group_392	1	0	1	1	0	1	0	1	0
group_393	1	0	1	1	0	1	0	1	0
glyS_3	1	0	1	1	0	1	0	1	0
group_395	1	0	1	1	0	1	0	1	0
MCYN0495	1	0	1	1	0	1	0	1	0
group_397	1	0	1	1	0	1	0	1	0
rpsA	1	0	1	1	0	1	0	1	0
group_399	1	0	1	1	0	1	0	1	0
rbgA	1	0	1	1	0	1	0	1	0
gpi	1	0	1	1	0	1	0	1	0
group_401	1	0	1	1	0	1	0	1	0
pgi	1	0	1	1	0	1	0	1	0
mutM	1	0	1	1	0	1	0	1	0
group_404	1	0	1	1	0	1	0	1	0
group_405	1	0	1	1	0	1	0	1	0
mnuA	1	0	1	1	0	1	0	1	0
group_407	1	0	1	1	0	1	0	1	0
hasC	1	0	1	1	0	1	0	1	0
group_409	1	0	1	1	0	1	0	1	0
group_41	1	0	1	1	0	1	0	1	0
group_410	1	0	1	1	0	1	0	1	0
group_411	1	0	1	1	0	1	0	1	0
group_412	1	0	1	1	0	1	0	1	0
group_413	1	0	1	1	0	1	0	1	0
truB_2	1	0	1	1	0	1	0	1	0
truB_1	1	0	1	1	0	1	0	1	0
group_416	1	0	1	1	0	1	0	1	0
group_417	1	0	1	1	0	1	0	1	0
group_418	1	0	1	1	0	1	0	1	0
group_419	1	0	1	1	0	1	0	1	0
group_42	1	0	1	1	0	1	0	1	0
group_420	1	0	1	1	0	1	0	1	0
group_421	1	0	1	1	0	1	0	1	0
group_422	1	0	1	1	0	1	0	1	0
group_423	1	0	1	1	0	1	0	1	0
group_424	1	0	1	1	0	1	0	1	0
tva(A)	1	0	1	1	0	1	0	1	0
group_426	1	0	1	1	0	1	0	1	0
group_427	1	0	1	1	0	1	0	1	0
group_428	1	0	1	1	0	1	0	1	0
group_429	1	0	1	1	0	1	0	1	0
group_43	1	0	1	1	0	1	0	1	0
group_430	1	0	1	1	0	1	0	1	0
rpsR	1	0	1	1	0	1	0	1	0
group_432	1	0	1	1	0	1	0	1	0
group_433	1	0	1	1	0	1	0	1	0
group_434	1	0	1	1	0	1	0	1	0
group_435	1	0	1	1	0	1	0	1	0
group_436	1	0	1	1	0	1	0	1	0
group_437	1	0	1	1	0	1	0	1	0
group_438	1	0	1	1	0	1	0	1	0
mgtE_1	1	0	1	1	0	1	0	1	0
group_44	1	0	1	1	0	1	0	1	0
group_440	1	0	1	1	0	1	0	1	0
mgtE_2	1	0	1	1	0	1	0	1	0
group_442	1	0	1	1	0	1	0	1	0
group_443	1	0	1	1	0	1	0	1	0
efrA_1	1	0	1	1	0	1	0	1	0
group_445	1	0	1	1	0	1	0	1	0
mdlB2	1	0	1	1	0	1	0	1	0
group_447	1	0	1	1	0	1	0	1	0
patB_1	1	0	1	1	0	1	0	1	0
efrA_2	1	0	1	1	0	1	0	1	0
patB_2	1	0	1	1	0	1	0	1	0
rsmE	1	0	1	1	0	1	0	1	0
group_452	1	0	1	1	0	1	0	1	0
group_453	1	0	1	1	0	1	0	1	0
group_454	1	0	1	1	0	1	0	1	0
group_455	1	0	1	1	0	1	0	1	0
group_456	1	0	1	1	0	1	0	1	0
group_457	1	0	1	1	0	1	0	1	0
group_458	1	0	1	1	0	1	0	1	0
group_459	1	0	1	1	0	1	0	1	0
group_46	1	0	1	1	0	1	0	1	0
group_460	1	0	1	1	0	1	0	1	0
oppA2	1	0	1	1	0	1	0	1	0
group_462	1	0	1	1	0	1	0	1	0
group_463	1	0	1	1	0	1	0	1	0
group_464	1	0	1	1	0	1	0	1	0
group_465	1	0	1	1	0	1	0	1	0
group_466	1	0	1	1	0	1	0	1	0
group_467	1	0	1	1	0	1	0	1	0
group_468	1	0	1	1	0	1	0	1	0
group_469	1	0	1	1	0	1	0	1	0
group_47	1	0	1	1	0	1	0	1	0
oppC_1	1	0	1	1	0	1	0	1	0
group_471	1	0	1	1	0	1	0	1	0
oppD1	1	0	1	1	0	1	0	1	0
group_473	1	0	1	1	0	1	0	1	0
oppF3_2	1	0	1	1	0	1	0	1	0
oppF3_1	1	0	1	1	0	1	0	1	0
group_476	1	0	1	1	0	1	0	1	0
fbpC_2	1	0	1	1	0	1	0	1	0
group_478	1	0	1	1	0	1	0	1	0
group_479	1	0	1	1	0	1	0	1	0
group_48	1	0	1	1	0	1	0	1	0
group_480	1	0	1	1	0	1	0	1	0
group_481	1	0	1	1	0	1	0	1	0
group_482	1	0	1	1	0	1	0	1	0
group_483	1	0	1	1	0	1	0	1	0
group_484	1	0	1	1	0	1	0	1	0
group_485	1	0	1	1	0	1	0	1	0
group_486	1	0	1	1	0	1	0	1	0
group_487	1	0	1	1	0	1	0	1	0
group_488	1	0	1	1	0	1	0	1	0
group_489	1	0	1	1	0	1	0	1	0
group_49	1	0	1	1	0	1	0	1	0
group_490	1	0	1	1	0	1	0	1	0
p120'_1	1	0	1	1	0	1	0	1	0
group_492	1	0	1	1	0	1	0	1	0
p120'_2	1	0	1	1	0	1	0	1	0
p120	1	0	1	1	0	1	0	1	0
rnhB1	1	0	1	1	0	1	0	1	0
rnhC	1	0	1	1	0	1	0	1	0
group_497	1	0	1	1	0	1	0	1	0
group_498	1	0	1	1	0	1	0	1	0
group_499	1	0	1	1	0	1	0	1	0
iroC	1	0	1	1	0	1	0	1	0
gyrA2_4	1	0	1	1	0	1	0	1	0
group_501	1	0	1	1	0	1	0	1	0
group_502	1	0	1	1	0	1	0	1	0
group_503	1	0	1	1	0	1	0	1	0
gyrB1_4	1	0	1	1	0	1	0	1	0
gyrB1_3	1	0	1	1	0	1	0	1	0
group_506	1	0	1	1	0	1	0	1	0
group_508	1	0	1	1	0	1	0	1	0
group_509	1	0	1	1	0	1	0	1	0
group_51	1	0	1	1	0	1	0	1	0
group_510	1	0	1	1	0	1	0	1	0
group_511	1	0	1	1	0	1	0	1	0
group_512	1	0	1	1	0	1	0	1	0
hitC_2	1	0	1	1	0	1	0	1	0
oppF4	1	0	1	1	0	1	0	1	0
cpsJ	1	0	1	1	0	1	0	1	0
oppD2_1	1	0	1	1	0	1	0	1	0
group_517	1	0	1	1	0	1	0	1	0
oppD2_2	1	0	1	1	0	1	0	1	0
group_519	1	0	1	1	0	1	0	1	0
oppB3	1	0	1	1	0	1	0	1	0
oppC_2	1	0	1	1	0	1	0	1	0
oppC2	1	0	1	1	0	1	0	1	0
dppC/oppC	1	0	1	1	0	1	0	1	0
oppB2_1	1	0	1	1	0	1	0	1	0
oppB2_2	1	0	1	1	0	1	0	1	0
group_525	1	0	1	1	0	1	0	1	0
oppA_2	1	0	1	1	0	1	0	1	0
oppA_3	1	0	1	1	0	1	0	1	0
oppA_4	1	0	1	1	0	1	0	1	0
oppA_5	1	0	1	1	0	1	0	1	0
group_53	1	0	1	1	0	1	0	1	0
oppA_6	1	0	1	1	0	1	0	1	0
group_531	1	0	1	1	0	1	0	1	0
group_532	1	0	1	1	0	1	0	1	0
group_533	1	0	1	1	0	1	0	1	0
group_534	1	0	1	1	0	1	0	1	0
group_535	1	0	1	1	0	1	0	1	0
group_536	1	0	1	1	0	1	0	1	0
group_537	1	0	1	1	0	1	0	1	0
group_538	1	0	1	1	0	1	0	1	0
group_539	1	0	1	1	0	1	0	1	0
group_54	1	0	1	1	0	1	0	1	0
group_540	1	0	1	1	0	1	0	1	0
group_541	1	0	1	1	0	1	0	1	0
group_542	1	0	1	1	0	1	0	1	0
group_543	1	0	1	1	0	1	0	1	0
group_544	1	0	1	1	0	1	0	1	0
group_545	1	0	1	1	0	1	0	1	0
group_546	1	0	1	1	0	1	0	1	0
group_547	1	0	1	1	0	1	0	1	0
group_548	1	0	1	1	0	1	0	1	0
group_549	1	0	1	1	0	1	0	1	0
aspS-2_4	1	0	1	1	0	1	0	1	0
group_550	1	0	1	1	0	1	0	1	0
group_551	1	0	1	1	0	1	0	1	0
group_552	1	0	1	1	0	1	0	1	0
group_553	1	0	1	1	0	1	0	1	0
group_554	1	0	1	1	0	1	0	1	0
group_555	1	0	1	1	0	1	0	1	0
group_556	1	0	1	1	0	1	0	1	0
group_557	1	0	1	1	0	1	0	1	0
group_558	1	0	1	1	0	1	0	1	0
group_559	1	0	1	1	0	1	0	1	0
rplP	1	0	1	1	0	1	0	1	0
group_560	1	0	1	1	0	1	0	1	0
group_561	1	0	1	1	0	1	0	1	0
group_562	1	0	1	1	0	1	0	1	0
group_563	1	0	1	1	0	1	0	1	0
group_564	1	0	1	1	0	1	0	1	0
group_565	1	0	1	1	0	1	0	1	0
group_566	1	0	1	1	0	1	0	1	0
group_567	1	0	1	1	0	1	0	1	0
group_568	1	0	1	1	0	1	0	1	0
group_569	1	0	1	1	0	1	0	1	0
group_570	1	0	1	1	0	1	0	1	0
group_571	1	0	1	1	0	1	0	1	0
group_572	1	0	1	1	0	1	0	1	0
nadE	1	0	1	1	0	1	0	1	0
group_574	1	0	1	1	0	1	0	1	0
group_575	1	0	1	1	0	1	0	1	0
group_576	1	0	1	1	0	1	0	1	0
group_577	1	0	1	1	0	1	0	1	0
group_578	1	0	1	1	0	1	0	1	0
group_579	1	0	1	1	0	1	0	1	0
group_58	1	0	1	1	0	1	0	1	0
group_580	1	0	1	1	0	1	0	1	0
rnhB2	1	0	1	1	0	1	0	1	0
rnhB_2	1	0	1	1	0	1	0	1	0
group_583	1	0	1	1	0	1	0	1	0
group_585	1	0	1	1	0	1	0	1	0
group_586	1	0	1	1	0	1	0	1	0
group_587	1	0	1	1	0	1	0	1	0
group_588	1	0	1	1	0	1	0	1	0
group_589	1	0	1	1	0	1	0	1	0
comEA	1	0	1	1	0	1	0	1	0
group_590	1	0	1	1	0	1	0	1	0
group_591	1	0	1	1	0	1	0	1	0
oppC3_1	1	0	1	1	0	1	0	1	0
oppC3_2	1	0	1	1	0	1	0	1	0
group_594	1	0	1	1	0	1	0	1	0
group_595	1	0	1	1	0	1	0	1	0
group_596	1	0	1	1	0	1	0	1	0
group_597	1	0	1	1	0	1	0	1	0
group_598	1	0	1	1	0	1	0	1	0
group_599	1	0	1	1	0	1	0	1	0
group_60	1	0	1	1	0	1	0	1	0
group_600	1	0	1	1	0	1	0	1	0
group_601	1	0	1	1	0	1	0	1	0
group_602	1	0	1	1	0	1	0	1	0
group_603	1	0	1	1	0	1	0	1	0
group_604	1	0	1	1	0	1	0	1	0
tet(W/N/W)	1	0	1	1	0	1	0	1	0
group_606	1	0	1	1	0	1	0	1	0
group_607	1	0	1	1	0	1	0	1	0
group_608	1	0	1	1	0	1	0	1	0
group_609	1	0	1	1	0	1	0	1	0
group_61	1	0	1	1	0	1	0	1	0
rpsO	1	0	1	1	0	1	0	1	0
group_611	1	0	1	1	0	1	0	1	0
group_612	1	0	1	1	0	1	0	1	0
group_613	1	0	1	1	0	1	0	1	0
group_614	1	0	1	1	0	1	0	1	0
group_615	1	0	1	1	0	1	0	1	0
group_616	1	0	1	1	0	1	0	1	0
group_617	1	0	1	1	0	1	0	1	0
group_618	1	0	1	1	0	1	0	1	0
group_619	1	0	1	1	0	1	0	1	0
group_62	1	0	1	1	0	1	0	1	0
group_620	1	0	1	1	0	1	0	1	0
oppF	1	0	1	1	0	1	0	1	0
group_622	1	0	1	1	0	1	0	1	0
group_623	1	0	1	1	0	1	0	1	0
MCYN0550	1	0	1	1	0	1	0	1	0
group_625	1	0	1	1	0	1	0	1	0
group_626	1	0	1	1	0	1	0	1	0
group_627	1	0	1	1	0	1	0	1	0
eutD	1	0	1	1	0	1	0	1	0
group_629	1	0	1	1	0	1	0	1	0
group_63	1	0	1	1	0	1	0	1	0
group_630	1	0	1	1	0	1	0	1	0
kdtB	1	0	1	1	0	1	0	1	0
group_632	1	0	1	1	0	1	0	1	0
group_633	1	0	1	1	0	1	0	1	0
group_634	1	0	1	1	0	1	0	1	0
group_635	1	0	1	1	0	1	0	1	0
pyk_1	1	0	1	1	0	1	0	1	0
group_637	1	0	1	1	0	1	0	1	0
group_638	1	0	1	1	0	1	0	1	0
group_639	1	0	1	1	0	1	0	1	0
group_64	1	0	1	1	0	1	0	1	0
group_640	1	0	1	1	0	1	0	1	0
group_641	1	0	1	1	0	1	0	1	0
ssl2_2	1	0	1	1	0	1	0	1	0
group_643	1	0	1	1	0	1	0	1	0
group_644	1	0	1	1	0	1	0	1	0
group_645	1	0	1	1	0	1	0	1	0
group_646	1	0	1	1	0	1	0	1	0
MCYN0537	1	0	1	1	0	1	0	1	0
group_648	1	0	1	1	0	1	0	1	0
group_649	1	0	1	1	0	1	0	1	0
group_65	1	0	1	1	0	1	0	1	0
group_650	1	0	1	1	0	1	0	1	0
group_651	1	0	1	1	0	1	0	1	0
group_652	1	0	1	1	0	1	0	1	0
group_653	1	0	1	1	0	1	0	1	0
group_654	1	0	1	1	0	1	0	1	0
group_655	1	0	1	1	0	1	0	1	0
group_656	1	0	1	1	0	1	0	1	0
group_657	1	0	1	1	0	1	0	1	0
group_658	1	0	1	1	0	1	0	1	0
group_659	1	0	1	1	0	1	0	1	0
group_66	1	0	1	1	0	1	0	1	0
group_660	1	0	1	1	0	1	0	1	0
group_661	1	0	1	1	0	1	0	1	0
group_662	1	0	1	1	0	1	0	1	0
group_663	1	0	1	1	0	1	0	1	0
group_664	1	0	1	1	0	1	0	1	0
group_665	1	0	1	1	0	1	0	1	0
group_666	1	0	1	1	0	1	0	1	0
group_667	1	0	1	1	0	1	0	1	0
group_668	1	0	1	1	0	1	0	1	0
group_669	1	0	1	1	0	1	0	1	0
group_67	1	0	1	1	0	1	0	1	0
coaE	1	0	1	1	0	1	0	1	0
group_671	1	0	1	1	0	1	0	1	0
group_672	1	0	1	1	0	1	0	1	0
group_673	1	0	1	1	0	1	0	1	0
group_674	1	0	1	1	0	1	0	1	0
rlmH_1	1	0	1	1	0	1	0	1	0
rlmH_2	1	0	1	1	0	1	0	1	0
group_677	1	0	1	1	0	1	0	1	0
group_678	1	0	1	1	0	1	0	1	0
metG	1	0	1	1	0	1	0	1	0
group_68	1	0	1	1	0	1	0	1	0
metS	1	0	1	1	0	1	0	1	0
group_681	1	0	1	1	0	1	0	1	0
group_682	1	0	1	1	0	1	0	1	0
group_683	1	0	1	1	0	1	0	1	0
group_684	1	0	1	1	0	1	0	1	0
group_685	1	0	1	1	0	1	0	1	0
group_686	1	0	1	1	0	1	0	1	0
group_687	1	0	1	1	0	1	0	1	0
ptc1	1	0	1	1	0	1	0	1	0
group_689	1	0	1	1	0	1	0	1	0
group_69	1	0	1	1	0	1	0	1	0
group_690	1	0	1	1	0	1	0	1	0
engC	1	0	1	1	0	1	0	1	0
group_692	1	0	1	1	0	1	0	1	0
rpe_2	1	0	1	1	0	1	0	1	0
MCYN0868	1	0	1	1	0	1	0	1	0
group_695	1	0	1	1	0	1	0	1	0
group_696	1	0	1	1	0	1	0	1	0
group_697	1	0	1	1	0	1	0	1	0
group_698	1	0	1	1	0	1	0	1	0
MCYN0867	1	0	1	1	0	1	0	1	0
group_70	1	0	1	1	0	1	0	1	0
group_700	1	0	1	1	0	1	0	1	0
group_701	1	0	1	1	0	1	0	1	0
group_702	1	0	1	1	0	1	0	1	0
group_703	1	0	1	1	0	1	0	1	0
group_704	1	0	1	1	0	1	0	1	0
group_705	1	0	1	1	0	1	0	1	0
group_706	1	0	1	1	0	1	0	1	0
group_707	1	0	1	1	0	1	0	1	0
pepA	1	0	1	1	0	1	0	1	0
MCYN0820	1	0	1	1	0	1	0	1	0
group_71	1	0	1	1	0	1	0	1	0
group_710	1	0	1	1	0	1	0	1	0
group_711	1	0	1	1	0	1	0	1	0
group_712	1	0	1	1	0	1	0	1	0
group_713	1	0	1	1	0	1	0	1	0
group_714	1	0	1	1	0	1	0	1	0
group_715	1	0	1	1	0	1	0	1	0
group_716	1	0	1	1	0	1	0	1	0
group_717	1	0	1	1	0	1	0	1	0
group_718	1	0	1	1	0	1	0	1	0
group_719	1	0	1	1	0	1	0	1	0
group_720	1	0	1	1	0	1	0	1	0
hemK	1	0	1	1	0	1	0	1	0
group_722	1	0	1	1	0	1	0	1	0
group_723	1	0	1	1	0	1	0	1	0
group_724	1	0	1	1	0	1	0	1	0
group_725	1	0	1	1	0	1	0	1	0
group_726	1	0	1	1	0	1	0	1	0
group_727	1	0	1	1	0	1	0	1	0
group_728	1	0	1	1	0	1	0	1	0
uvrB	1	0	1	1	0	1	0	1	0
group_730	1	0	1	1	0	1	0	1	0
uvrA	1	0	1	1	0	1	0	1	0
group_732	1	0	1	1	0	1	0	1	0
group_733	1	0	1	1	0	1	0	1	0
group_734	1	0	1	1	0	1	0	1	0
group_735	1	0	1	1	0	1	0	1	0
group_736	1	0	1	1	0	1	0	1	0
group_737	1	0	1	1	0	1	0	1	0
group_738	1	0	1	1	0	1	0	1	0
group_739	1	0	1	1	0	1	0	1	0
group_740	1	0	1	1	0	1	0	1	0
group_741	1	0	1	1	0	1	0	1	0
group_742	1	0	1	1	0	1	0	1	0
group_743	1	0	1	1	0	1	0	1	0
MCYN0256	1	0	1	1	0	1	0	1	0
group_745	1	0	1	1	0	1	0	1	0
group_746	1	0	1	1	0	1	0	1	0
group_747	1	0	1	1	0	1	0	1	0
group_748	1	0	1	1	0	1	0	1	0
group_749	1	0	1	1	0	1	0	1	0
group_750	1	0	1	1	0	1	0	1	0
group_751	1	0	1	1	0	1	0	1	0
group_752	1	0	1	1	0	1	0	1	0
group_753	1	0	1	1	0	1	0	1	0
group_754	1	0	1	1	0	1	0	1	0
group_755	1	0	1	1	0	1	0	1	0
acpD_1	1	0	1	1	0	1	0	1	0
acpD/azoR	1	0	1	1	0	1	0	1	0
group_758	1	0	1	1	0	1	0	1	0
group_759	1	0	1	1	0	1	0	1	0
group_760	1	0	1	1	0	1	0	1	0
manB_1	1	0	1	1	0	1	0	1	0
manB_2	1	0	1	1	0	1	0	1	0
group_763	1	0	1	1	0	1	0	1	0
manB-2	1	0	1	1	0	1	0	1	0
group_765	1	0	1	1	0	1	0	1	0
group_766	1	0	1	1	0	1	0	1	0
group_767	1	0	1	1	0	1	0	1	0
group_768	1	0	1	1	0	1	0	1	0
group_769	1	0	1	1	0	1	0	1	0
group_770	1	0	1	1	0	1	0	1	0
group_771	1	0	1	1	0	1	0	1	0
group_772	1	0	1	1	0	1	0	1	0
group_773	1	0	1	1	0	1	0	1	0
group_774	1	0	1	1	0	1	0	1	0
group_775	1	0	1	1	0	1	0	1	0
group_776	1	0	1	1	0	1	0	1	0
group_777	1	0	1	1	0	1	0	1	0
argF_6	1	0	1	1	0	1	0	1	0
group_779	1	0	1	1	0	1	0	1	0
argF_4	1	0	1	1	0	1	0	1	0
arcA_6	1	0	1	1	0	1	0	1	0
group_782	1	0	1	1	0	1	0	1	0
arcA_4	1	0	1	1	0	1	0	1	0
group_784	1	0	1	1	0	1	0	1	0
group_785	1	0	1	1	0	1	0	1	0
group_786	1	0	1	1	0	1	0	1	0
hisS_2	1	0	1	1	0	1	0	1	0
hisS_1	1	0	1	1	0	1	0	1	0
group_790	1	0	1	1	0	1	0	1	0
group_791	1	0	1	1	0	1	0	1	0
group_792	1	0	1	1	0	1	0	1	0
group_793	1	0	1	1	0	1	0	1	0
group_794	1	0	1	1	0	1	0	1	0
tmk_1	1	0	1	1	0	1	0	1	0
tmk_2	1	0	1	1	0	1	0	1	0
group_797	1	0	1	1	0	1	0	1	0
MCYN0834	1	0	1	1	0	1	0	1	0
group_799	1	0	1	1	0	1	0	1	0
dnaX	1	0	1	1	0	1	0	1	0
gpmI_1	1	0	1	1	0	1	0	1	0
gpmI_2	1	0	1	1	0	1	0	1	0
group_803	1	0	1	1	0	1	0	1	0
group_804	1	0	1	1	0	1	0	1	0
group_805	1	0	1	1	0	1	0	1	0
pdhC_1	1	0	1	1	0	1	0	1	0
pdhC_2	1	0	1	1	0	1	0	1	0
pdhC_3	1	0	1	1	0	1	0	1	0
pdhC_4	1	0	1	1	0	1	0	1	0
group_810	1	0	1	1	0	1	0	1	0
pdhB_1	1	0	1	1	0	1	0	1	0
pdhB_2	1	0	1	1	0	1	0	1	0
pdhA_1	1	0	1	1	0	1	0	1	0
pdhA_2	1	0	1	1	0	1	0	1	0
pdhA_3	1	0	1	1	0	1	0	1	0
group_816	1	0	1	1	0	1	0	1	0
MCYN0500	1	0	1	1	0	1	0	1	0
group_818	1	0	1	1	0	1	0	1	0
group_819	1	0	1	1	0	1	0	1	0
deoC_3	1	0	1	1	0	1	0	1	0
group_821	1	0	1	1	0	1	0	1	0
deoA_2	1	0	1	1	0	1	0	1	0
deoA_1	1	0	1	1	0	1	0	1	0
group_824	1	0	1	1	0	1	0	1	0
group_825	1	0	1	1	0	1	0	1	0
group_826	1	0	1	1	0	1	0	1	0
group_827	1	0	1	1	0	1	0	1	0
group_828	1	0	1	1	0	1	0	1	0
group_829	1	0	1	1	0	1	0	1	0
group_830	1	0	1	1	0	1	0	1	0
group_831	1	0	1	1	0	1	0	1	0
group_832	1	0	1	1	0	1	0	1	0
tnpIS1634am_2	1	0	1	1	0	1	0	1	0
group_834	1	0	1	1	0	1	0	1	0
rplR	1	0	1	1	0	1	0	1	0
group_836	1	0	1	1	0	1	0	1	0
group_837	1	0	1	1	0	1	0	1	0
group_838	1	0	1	1	0	1	0	1	0
group_839	1	0	1	1	0	1	0	1	0
MCYN0188	1	0	1	1	0	1	0	1	0
rplX	1	0	1	1	0	1	0	1	0
group_842	1	0	1	1	0	1	0	1	0
group_843	1	0	1	1	0	1	0	1	0
rpmC	1	0	1	1	0	1	0	1	0
group_845	1	0	1	1	0	1	0	1	0
group_846	1	0	1	1	0	1	0	1	0
group_847	1	0	1	1	0	1	0	1	0
group_848	1	0	1	1	0	1	0	1	0
rplW	1	0	1	1	0	1	0	1	0
MCYN0177	1	0	1	1	0	1	0	1	0
group_851	1	0	1	1	0	1	0	1	0
group_852	1	0	1	1	0	1	0	1	0
rpsJ	1	0	1	1	0	1	0	1	0
group_854	1	0	1	1	0	1	0	1	0
group_855	1	0	1	1	0	1	0	1	0
group_856	1	0	1	1	0	1	0	1	0
group_857	1	0	1	1	0	1	0	1	0
group_858	1	0	1	1	0	1	0	1	0
group_859	1	0	1	1	0	1	0	1	0
group_86	1	0	1	1	0	1	0	1	0
celM1_2	1	0	1	1	0	1	0	1	0
group_861	1	0	1	1	0	1	0	1	0
group_862	1	0	1	1	0	1	0	1	0
group_863	1	0	1	1	0	1	0	1	0
group_864	1	0	1	1	0	1	0	1	0
group_865	1	0	1	1	0	1	0	1	0
group_866	1	0	1	1	0	1	0	1	0
group_867	1	0	1	1	0	1	0	1	0
group_868	1	0	1	1	0	1	0	1	0
group_869	1	0	1	1	0	1	0	1	0
group_87	1	0	1	1	0	1	0	1	0
group_870	1	0	1	1	0	1	0	1	0
group_871	1	0	1	1	0	1	0	1	0
rpoC_7	1	0	1	1	0	1	0	1	0
rpoC_6	1	0	1	1	0	1	0	1	0
group_874	1	0	1	1	0	1	0	1	0
group_875	1	0	1	1	0	1	0	1	0
group_876	1	0	1	1	0	1	0	1	0
group_877	1	0	1	1	0	1	0	1	0
rpoB2_4	1	0	1	1	0	1	0	1	0
rpoB2_3	1	0	1	1	0	1	0	1	0
group_88	1	0	1	1	0	1	0	1	0
group_880	1	0	1	1	0	1	0	1	0
group_881	1	0	1	1	0	1	0	1	0
group_882	1	0	1	1	0	1	0	1	0
group_883	1	0	1	1	0	1	0	1	0
group_884	1	0	1	1	0	1	0	1	0
group_885	1	0	1	1	0	1	0	1	0
pheT_5	1	0	1	1	0	1	0	1	0
pheT_4	1	0	1	1	0	1	0	1	0
pheT_3	1	0	1	1	0	1	0	1	0
group_889	1	0	1	1	0	1	0	1	0
group_89	1	0	1	1	0	1	0	1	0
ung_2	1	0	1	1	0	1	0	1	0
ung_1	1	0	1	1	0	1	0	1	0
group_892	1	0	1	1	0	1	0	1	0
group_893	1	0	1	1	0	1	0	1	0
group_894	1	0	1	1	0	1	0	1	0
clpV1	1	0	1	1	0	1	0	1	0
group_896	1	0	1	1	0	1	0	1	0
group_897	1	0	1	1	0	1	0	1	0
group_898	1	0	1	1	0	1	0	1	0
group_899	1	0	1	1	0	1	0	1	0
MCYN0707	1	0	1	1	0	1	0	1	0
group_900	1	0	1	1	0	1	0	1	0
MCYN0264	1	0	1	1	0	1	0	1	0
tktA_3	1	0	1	1	0	1	0	1	0
tktA_2	1	0	1	1	0	1	0	1	0
tktA_1	1	0	1	1	0	1	0	1	0
group_905	1	0	1	1	0	1	0	1	0
group_906	1	0	1	1	0	1	0	1	0
group_907	1	0	1	1	0	1	0	1	0
MCYN0808	1	0	1	1	0	1	0	1	0
mscL	1	0	1	1	0	1	0	1	0
fba_2	1	0	1	1	0	1	0	1	0
MCYN0739_2	1	0	1	1	0	1	0	1	0
MCYN0739_1	1	0	1	1	0	1	0	1	0
group_912	1	0	1	1	0	1	0	1	0
ruvA2_2	1	0	1	1	0	1	0	1	0
ruvA2_1	1	0	1	1	0	1	0	1	0
eccA1	1	0	1	1	0	1	0	1	0
group_916	1	0	1	1	0	1	0	1	0
group_917	1	0	1	1	0	1	0	1	0
group_918	1	0	1	1	0	1	0	1	0
group_919	1	0	1	1	0	1	0	1	0
group_92	1	0	1	1	0	1	0	1	0
group_920	1	0	1	1	0	1	0	1	0
group_921	1	0	1	1	0	1	0	1	0
gpsA_1	1	0	1	1	0	1	0	1	0
group_923	1	0	1	1	0	1	0	1	0
ErmH	1	0	1	1	0	1	0	1	0
group_925	1	0	1	1	0	1	0	1	0
group_926	1	0	1	1	0	1	0	1	0
group_927	1	0	1	1	0	1	0	1	0
group_928	1	0	1	1	0	1	0	1	0
arnA	1	0	1	1	0	1	0	1	0
group_93	1	0	1	1	0	1	0	1	0
group_930	1	0	1	1	0	1	0	1	0
group_931	1	0	1	1	0	1	0	1	0
group_932	1	0	1	1	0	1	0	1	0
group_933	1	0	1	1	0	1	0	1	0
group_934	1	0	1	1	0	1	0	1	0
group_935	1	0	1	1	0	1	0	1	0
group_936	1	0	1	1	0	1	0	1	0
group_937	1	0	1	1	0	1	0	1	0
group_938	1	0	1	1	0	1	0	1	0
group_939	1	0	1	1	0	1	0	1	0
tsnR	1	0	1	1	0	1	0	1	0
group_940	1	0	1	1	0	1	0	1	0
group_941	1	0	1	1	0	1	0	1	0
group_942	1	0	1	1	0	1	0	1	0
group_943	1	0	1	1	0	1	0	1	0
group_944	1	0	1	1	0	1	0	1	0
group_945	1	0	1	1	0	1	0	1	0
group_946	1	0	1	1	0	1	0	1	0
group_947	1	0	1	1	0	1	0	1	0
group_948	1	0	1	1	0	1	0	1	0
group_949	1	0	1	1	0	1	0	1	0
group_95	1	0	1	1	0	1	0	1	0
group_950	1	0	1	1	0	1	0	1	0
acpD_2	1	0	1	1	0	1	0	1	0
group_952	1	0	1	1	0	1	0	1	0
group_953	1	0	1	1	0	1	0	1	0
group_954	1	0	1	1	0	1	0	1	0
fliI	1	0	1	1	0	1	0	1	0
escN	1	0	1	1	0	1	0	1	0
group_957	1	0	1	1	0	1	0	1	0
group_958	1	0	1	1	0	1	0	1	0
group_959	1	0	1	1	0	1	0	1	0
group_96	1	0	1	1	0	1	0	1	0
group_960	1	0	1	1	0	1	0	1	0
group_961	1	0	1	1	0	1	0	1	0
group_962	1	0	1	1	0	1	0	1	0
group_963	1	0	1	1	0	1	0	1	0
group_964	1	0	1	1	0	1	0	1	0
MCYN0636	1	0	1	1	0	1	0	1	0
group_966	1	0	1	1	0	1	0	1	0
group_967	1	0	1	1	0	1	0	1	0
polC_6	1	0	1	1	0	1	0	1	0
group_969	1	0	1	1	0	1	0	1	0
group_97	1	0	1	1	0	1	0	1	0
group_970	1	0	1	1	0	1	0	1	0
polC_3	1	0	1	1	0	1	0	1	0
group_972	1	0	1	1	0	1	0	1	0
group_973	1	0	1	1	0	1	0	1	0
group_974	1	0	1	1	0	1	0	1	0
group_975	1	0	1	1	0	1	0	1	0
group_976	1	0	1	1	0	1	0	1	0
group_977	1	0	1	1	0	1	0	1	0
group_978	1	0	1	1	0	1	0	1	0
group_979	1	0	1	1	0	1	0	1	0
group_98	1	0	1	1	0	1	0	1	0
group_980	1	0	1	1	0	1	0	1	0
group_981	1	0	1	1	0	1	0	1	0
group_982	1	0	1	1	0	1	0	1	0
group_983	1	0	1	1	0	1	0	1	0
group_984	1	0	1	1	0	1	0	1	0
group_985	1	0	1	1	0	1	0	1	0
group_986	1	0	1	1	0	1	0	1	0
group_987	1	0	1	1	0	1	0	1	0
group_988	1	0	1	1	0	1	0	1	0
group_989	1	0	1	1	0	1	0	1	0
macB_1	1	0	1	1	0	1	0	1	0
group_990	1	0	1	1	0	1	0	1	0
lip3	1	0	1	1	0	1	0	1	0
group_992	1	0	1	1	0	1	0	1	0
group_993	1	0	1	1	0	1	0	1	0
oppB_3	1	0	1	1	0	1	0	1	0
group_995	1	0	1	1	0	1	0	1	0
group_996	1	0	1	1	0	1	0	1	0
group_997	1	0	1	1	0	1	0	1	0
group_998	1	0	1	1	0	1	0	1	0
group_999	1	0	1	1	0	1	0	1	0
group_1	0	0	1	1	0	1	0	1	0
group_10	1	0	1	1	0	0	0	1	0
group_1108	1	0	1	1	0	1	0	0	0
group_1123	1	0	1	1	0	0	0	1	0
group_1561	0	1	0	0	1	0	1	0	1
group_1793	0	1	0	0	1	0	1	0	1
group_18	1	0	1	0	0	1	0	1	0
group_1965	0	1	0	0	1	1	0	0	1
group_2193	0	1	0	0	1	0	1	0	1
group_2203	0	1	0	0	1	0	1	0	1
group_2270	0	1	0	0	1	0	1	0	1
group_2325	0	0	1	1	0	1	0	1	0
group_2331	0	0	1	1	0	1	0	1	0
MCYN0446	0	0	0	0	1	1	1	1	0
group_2363	1	0	1	1	0	1	0	0	0
MCYN0680	0	0	0	0	0	1	1	1	1
group_5	0	0	1	1	0	1	0	1	0
group_6	1	0	1	0	0	1	0	1	0
group_1079	1	0	1	1	0	0	0	0	0
group_16	0	0	1	1	0	1	0	0	0
group_1927	0	1	0	0	1	0	0	1	0
dam	0	0	1	0	0	1	0	1	0
mgtA3	0	0	0	1	0	1	0	1	0
group_2337	0	0	0	0	1	0	1	0	1
group_24	0	0	1	1	0	1	0	0	0
group_31	0	1	0	0	1	0	0	1	0
group_507	1	0	1	1	0	0	0	0	0
group_584	1	0	1	1	0	0	0	0	0
group_789	1	0	1	1	0	0	0	0	0
group_9	0	0	0	1	0	1	0	1	0
group_11	0	0	0	1	0	1	0	0	0
group_1161	1	0	1	0	0	0	0	0	0
group_1503	0	1	0	0	1	0	0	0	0
group_2	1	0	1	0	0	0	0	0	0
group_2042	0	1	0	0	0	0	0	0	1
group_22	1	0	0	0	0	0	0	1	0
tnpA-3	0	0	1	0	0	1	0	0	0
tnpA-4_2	0	0	1	0	0	1	0	0	0
group_2332	0	0	0	1	0	0	0	1	0
group_2338	0	0	0	0	1	0	1	0	0
group_2340	0	0	0	0	0	1	0	1	0
group_2342	0	0	0	0	0	1	0	1	0
group_2344	0	0	0	0	0	1	0	1	0
group_2348	0	0	0	0	0	1	0	1	0
group_2351	0	0	0	0	0	1	0	1	0
group_2352	0	0	0	0	0	1	0	1	0
group_2353	0	0	0	0	0	1	0	1	0
group_2354	0	0	0	0	0	1	0	1	0
group_2355	0	0	0	0	0	1	0	1	0
group_2357	0	0	0	0	0	1	0	1	0
group_2358	0	0	0	0	0	1	0	1	0
group_2360	0	0	0	0	0	1	0	1	0
gyrB2_3	0	0	0	0	0	0	1	1	0
group_39	0	0	0	0	0	1	1	0	0
group_4	1	0	0	0	0	1	0	0	0
group_1184	1	0	0	0	0	0	0	0	0
group_1497	0	1	0	0	0	0	0	0	0
group_17	0	0	0	1	0	0	0	0	0
group_19	1	0	0	0	0	0	0	0	0
group_20	0	0	0	0	0	0	0	1	0
group_2326	0	0	1	0	0	0	0	0	0
group_2333	0	0	0	1	0	0	0	0	0
group_2335	0	0	0	1	0	0	0	0	0
group_2336	0	0	0	1	0	0	0	0	0
group_2347	0	0	0	0	0	1	0	0	0
group_2356	0	0	0	0	0	1	0	0	0
group_2362	0	0	0	0	0	0	0	1	0
group_26	0	0	1	0	0	0	0	0	0
group_3	0	0	0	1	0	0	0	0	0
group_7	1	0	0	0	0	0	0	0	0
group_8	0	0	1	0	0	0	0	0	0
